{
    "Ar36": {
        "error": 0.0019566068892262825, 
        "fit": "parabolic", 
        "value": 0.0026939976860401466
    }, 
    "Ar37": {
        "error": 0.17349315053962994, 
        "fit": "linear", 
        "value": -0.054840448993828443
    }, 
    "Ar38": {
        "error": 0.14727015385264339, 
        "fit": "linear", 
        "value": -0.019240413720861535
    }, 
    "Ar39": {
        "error": 0.071216064280713517, 
        "fit": "parabolic", 
        "value": 6.4012900962465071
    }, 
    "Ar40": {
        "error": 0.19234007952138057, 
        "fit": "parabolic", 
        "value": 84.819333968263749
    }, 
    "Ar41": {
        "error": 0.15754247921660408, 
        "fit": "average_SEM", 
        "value": 0.15459313620929607
    }
}