{
    "Ar36": {
        "error": 0.0021337529140822756, 
        "fit": "parabolic", 
        "value": 0.029361021651842144
    }, 
    "Ar37": {
        "error": 0.19200761577887529, 
        "fit": "linear", 
        "value": -0.065576435236903374
    }, 
    "Ar38": {
        "error": 0.15799117636587851, 
        "fit": "linear", 
        "value": 1.1599093290766964
    }, 
    "Ar39": {
        "error": 0.10614740917274598, 
        "fit": "parabolic", 
        "value": 99.643149581015223
    }, 
    "Ar40": {
        "error": 0.48261496571786927, 
        "fit": "parabolic", 
        "value": 1372.8732505097107
    }, 
    "Ar41": {
        "error": 0.17547770576781974, 
        "fit": "average_SEM", 
        "value": -0.088958538041151766
    }
}