{
    "Ar36": {
        "error": 0.0019197393243968537, 
        "fit": "parabolic", 
        "value": 0.0023898888828777594
    }, 
    "Ar37": {
        "error": 0.15238244683258115, 
        "fit": "linear", 
        "value": -0.07591690658117714
    }, 
    "Ar38": {
        "error": 0.13832640293903367, 
        "fit": "linear", 
        "value": -0.042397980458627263
    }, 
    "Ar39": {
        "error": 0.068887875348888822, 
        "fit": "parabolic", 
        "value": 6.4114794175825836
    }, 
    "Ar40": {
        "error": 0.17121600160759934, 
        "fit": "parabolic", 
        "value": 84.912662260143549
    }, 
    "Ar41": {
        "error": 0.14305554839730961, 
        "fit": "average_SEM", 
        "value": -0.12221283771781601
    }
}