{
    "Ar36": {
        "error": 0.00090943956582622784, 
        "fit": "parabolic", 
        "value": 0.0023075532047511687
    }, 
    "Ar37": {
        "error": 0.13609412950119931, 
        "fit": "linear", 
        "value": -0.057336825270701178
    }, 
    "Ar38": {
        "error": 0.1321990371368946, 
        "fit": "linear", 
        "value": -0.031932697207411487
    }, 
    "Ar39": {
        "error": 0.067186342696020751, 
        "fit": "parabolic", 
        "value": 6.4413319355113305
    }, 
    "Ar40": {
        "error": 0.17149324857187437, 
        "fit": "parabolic", 
        "value": 84.859978467046972
    }, 
    "Ar41": {
        "error": 0.13590280247320619, 
        "fit": "average_SEM", 
        "value": -0.11220218974413002
    }
}