{
    "Ar36": {
        "error": 0.0023224234501141839, 
        "fit": "parabolic", 
        "value": 0.029105847010453829
    }, 
    "Ar37": {
        "error": 0.13091501115207829, 
        "fit": "linear", 
        "value": -0.13822431944057614
    }, 
    "Ar38": {
        "error": 0.25078939199593386, 
        "fit": "linear", 
        "value": 1.1117774925609272
    }, 
    "Ar39": {
        "error": 0.10854191369485132, 
        "fit": "parabolic", 
        "value": 100.42075528122939
    }, 
    "Ar40": {
        "error": 0.47920320942834554, 
        "fit": "parabolic", 
        "value": 1387.5197087080655
    }, 
    "Ar41": {
        "error": 0.11999432974523001, 
        "fit": "average_SEM", 
        "value": 0.21570962939527816
    }
}