{
    "Ar36": {
        "error": 0.0022167281864201439, 
        "fit": "parabolic", 
        "value": 0.028851020726144823
    }, 
    "Ar37": {
        "error": 0.16218298252236904, 
        "fit": "linear", 
        "value": -0.082058617483602589
    }, 
    "Ar38": {
        "error": 0.15007275126871544, 
        "fit": "linear", 
        "value": 1.1567350322737995
    }, 
    "Ar39": {
        "error": 0.11349657039821832, 
        "fit": "parabolic", 
        "value": 99.914002442195255
    }, 
    "Ar40": {
        "error": 0.48201499304096479, 
        "fit": "parabolic", 
        "value": 1375.8435655404521
    }, 
    "Ar41": {
        "error": 0.13790605030160094, 
        "fit": "average_SEM", 
        "value": -0.10706183691159822
    }
}