{
    "Ar36": {
        "error": 0.0023083763137304769, 
        "fit": "parabolic", 
        "value": 0.029558082088679924
    }, 
    "Ar37": {
        "error": 0.15159546045401504, 
        "fit": "linear", 
        "value": -0.072946126402220174
    }, 
    "Ar38": {
        "error": 0.16321082509158755, 
        "fit": "linear", 
        "value": 1.1584369834238384
    }, 
    "Ar39": {
        "error": 0.1063337177952362, 
        "fit": "parabolic", 
        "value": 99.677180145359983
    }, 
    "Ar40": {
        "error": 0.44213717770609046, 
        "fit": "parabolic", 
        "value": 1373.3010090680139
    }, 
    "Ar41": {
        "error": 0.15667139348438955, 
        "fit": "average_SEM", 
        "value": -0.09160910429345677
    }
}