{
    "Ar36": {
        "error": 0.0036740159439578946, 
        "fit": "parabolic", 
        "value": 0.0019985927689779494
    }, 
    "Ar37": {
        "error": 0.14915574268353887, 
        "fit": "linear", 
        "value": -0.054223965556007295
    }, 
    "Ar38": {
        "error": 0.14477309030666347, 
        "fit": "linear", 
        "value": -0.031143767078342498
    }, 
    "Ar39": {
        "error": 0.065754626883720788, 
        "fit": "parabolic", 
        "value": 6.3820822914067623
    }, 
    "Ar40": {
        "error": 0.17059665339480584, 
        "fit": "parabolic", 
        "value": 84.864582993981315
    }, 
    "Ar41": {
        "error": 0.17831861680593949, 
        "fit": "average_SEM", 
        "value": -0.11141739399565267
    }
}