{
    "Ar36": {
        "error": 0.00090127612814368231, 
        "fit": "parabolic", 
        "value": 0.0025239109379968103
    }, 
    "Ar37": {
        "error": 0.14150538967250351, 
        "fit": "linear", 
        "value": -0.065056045035204291
    }, 
    "Ar38": {
        "error": 0.14821174162215564, 
        "fit": "linear", 
        "value": -0.020712833826743205
    }, 
    "Ar39": {
        "error": 0.062954921288606289, 
        "fit": "parabolic", 
        "value": 6.2239214049008087
    }, 
    "Ar40": {
        "error": 0.1658677097317485, 
        "fit": "parabolic", 
        "value": 85.013235149247308
    }, 
    "Ar41": {
        "error": 0.13794565149258778, 
        "fit": "average_SEM", 
        "value": -0.054843374189804311
    }
}