{
    "Ar36": {
        "error": 0.0023361478292244259, 
        "fit": "parabolic", 
        "value": 0.029015689088387302
    }, 
    "Ar37": {
        "error": 0.13938980401208767, 
        "fit": "linear", 
        "value": -0.040682870756879
    }, 
    "Ar38": {
        "error": 0.1658831667373647, 
        "fit": "linear", 
        "value": 1.2151058766264264
    }, 
    "Ar39": {
        "error": 0.10611583267202897, 
        "fit": "parabolic", 
        "value": 99.902921242560836
    }, 
    "Ar40": {
        "error": 0.49038212392078045, 
        "fit": "parabolic", 
        "value": 1380.2864718142123
    }, 
    "Ar41": {
        "error": 0.14052236028704818, 
        "fit": "average_SEM", 
        "value": -0.019127597099286506
    }
}