{
    "Ar36": {
        "error": 0.0023497095580207973, 
        "fit": "parabolic", 
        "value": 0.028705405087896013
    }, 
    "Ar37": {
        "error": 0.13908418426719654, 
        "fit": "linear", 
        "value": 0.0048651968895747745
    }, 
    "Ar38": {
        "error": 0.22316416129994177, 
        "fit": "linear", 
        "value": 0.99459906916446594
    }, 
    "Ar39": {
        "error": 0.11685128893801576, 
        "fit": "parabolic", 
        "value": 98.611089010916487
    }, 
    "Ar40": {
        "error": 0.46887211477464419, 
        "fit": "parabolic", 
        "value": 1363.1434976701848
    }, 
    "Ar41": {
        "error": 0.11994138198509335, 
        "fit": "average_SEM", 
        "value": -0.25841883239685559
    }
}