{
    "Ar36": {
        "error": 0.00086188516868852566, 
        "fit": "parabolic", 
        "value": 0.0022651481936650612
    }, 
    "Ar37": {
        "error": 0.14579806892253114, 
        "fit": "linear", 
        "value": -0.08020661491625089
    }, 
    "Ar38": {
        "error": 0.15066438326498718, 
        "fit": "linear", 
        "value": -0.04293816721618425
    }, 
    "Ar39": {
        "error": 0.063817830929553718, 
        "fit": "parabolic", 
        "value": 6.2618369855927023
    }, 
    "Ar40": {
        "error": 0.17855669214021097, 
        "fit": "parabolic", 
        "value": 84.936071164808865
    }, 
    "Ar41": {
        "error": 0.13588150105257168, 
        "fit": "average_SEM", 
        "value": -0.06400878237647703
    }
}