{
    "Ar36": {
        "error": 0.0023308368713769955, 
        "fit": "parabolic", 
        "value": 0.029213540370690034
    }, 
    "Ar37": {
        "error": 0.13807673770879231, 
        "fit": "linear", 
        "value": -0.14050070791407754
    }, 
    "Ar38": {
        "error": 0.23183705265611959, 
        "fit": "linear", 
        "value": 1.0890072743760868
    }, 
    "Ar39": {
        "error": 0.10444746930720401, 
        "fit": "parabolic", 
        "value": 100.22053699744029
    }, 
    "Ar40": {
        "error": 0.45716660312162538, 
        "fit": "parabolic", 
        "value": 1385.4572130717888
    }, 
    "Ar41": {
        "error": 0.12741053268530109, 
        "fit": "average_SEM", 
        "value": -0.065340272632165575
    }
}