{
    "Ar36": {
        "error": 0.0058378585848400406, 
        "fit": "parabolic", 
        "value": 0.0022506455458444342
    }, 
    "Ar37": {
        "error": 0.13031815669350391, 
        "fit": "linear", 
        "value": -0.058276867188431496
    }, 
    "Ar38": {
        "error": 0.13422295609414583, 
        "fit": "linear", 
        "value": -0.03548274007494169
    }, 
    "Ar39": {
        "error": 0.06530087510324549, 
        "fit": "parabolic", 
        "value": 6.243230770539105
    }, 
    "Ar40": {
        "error": 0.17442906987412274, 
        "fit": "parabolic", 
        "value": 84.914822464975288
    }, 
    "Ar41": {
        "error": 0.14502490144323915, 
        "fit": "average_SEM", 
        "value": -0.047526668649225029
    }
}