{
    "Ar36": {
        "error": 0.0010406145999880478, 
        "fit": "parabolic", 
        "value": 0.0022747149815287738
    }, 
    "Ar37": {
        "error": 0.13392810621144757, 
        "fit": "linear", 
        "value": -0.023817969725041552
    }, 
    "Ar38": {
        "error": 0.18616576268547444, 
        "fit": "linear", 
        "value": 0.031986289514753005
    }, 
    "Ar39": {
        "error": 0.062052132764832485, 
        "fit": "parabolic", 
        "value": 6.1999545555681976
    }, 
    "Ar40": {
        "error": 0.17213018548551717, 
        "fit": "parabolic", 
        "value": 85.832238264976013
    }, 
    "Ar41": {
        "error": 0.13072682819437134, 
        "fit": "average_SEM", 
        "value": -0.017688225073216018
    }
}