{
    "Ar36": {
        "error": 0.0015634952964463059, 
        "fit": "linear", 
        "value": 0.011347351242924693
    }, 
    "Ar37": {
        "error": 0.14809164217307044, 
        "fit": "linear", 
        "value": 0.051560257357265556
    }, 
    "Ar38": {
        "error": 0.16274357625512256, 
        "fit": "linear", 
        "value": 0.48965774882373214
    }, 
    "Ar39": {
        "error": 0.084793652612742326, 
        "fit": "linear", 
        "value": 48.660555739011272
    }, 
    "Ar40": {
        "error": 0.63462670487836248, 
        "fit": "linear", 
        "value": 2109.9681418650025
    }, 
    "Ar41": {
        "error": 0.13705359263748779, 
        "fit": "average_SEM", 
        "value": -0.093548975046724075
    }
}