{
    "Ar36": {
        "error": 0.0017915582746486662, 
        "fit": "linear", 
        "value": 0.016913260289534875
    }, 
    "Ar37": {
        "error": 0.14583611785518288, 
        "fit": "linear", 
        "value": 0.087350715596290901
    }, 
    "Ar38": {
        "error": 0.13039076405362382, 
        "fit": "linear", 
        "value": 0.68176741108192396
    }, 
    "Ar39": {
        "error": 0.094819534325825183, 
        "fit": "linear", 
        "value": 62.45530772736349
    }, 
    "Ar40": {
        "error": 0.76041147599840642, 
        "fit": "linear", 
        "value": 2713.1979428796631
    }, 
    "Ar41": {
        "error": 0.12376253284788054, 
        "fit": "average_SEM", 
        "value": -0.064044798379957982
    }
}