{
    "Ar36": {
        "error": 0.0016175754785543765, 
        "fit": "linear", 
        "value": 0.011048594582938165
    }, 
    "Ar37": {
        "error": 0.16873549341943614, 
        "fit": "linear", 
        "value": -0.026813501113709143
    }, 
    "Ar38": {
        "error": 0.1698703296773432, 
        "fit": "linear", 
        "value": 0.27979201639388041
    }, 
    "Ar39": {
        "error": 0.077565726440025615, 
        "fit": "linear", 
        "value": 33.044971965681725
    }, 
    "Ar40": {
        "error": 0.4764915405437728, 
        "fit": "linear", 
        "value": 1427.5790628379648
    }, 
    "Ar41": {
        "error": 0.17729934725740912, 
        "fit": "average_SEM", 
        "value": -0.091572556741690889
    }
}