{
    "Ar36": {
        "error": 0.001571163951039807, 
        "fit": "linear", 
        "value": 0.010986037628933021
    }, 
    "Ar37": {
        "error": 0.14147675020498185, 
        "fit": "linear", 
        "value": -0.020979636267374605
    }, 
    "Ar38": {
        "error": 0.16083613151018683, 
        "fit": "linear", 
        "value": 0.16610858816326229
    }, 
    "Ar39": {
        "error": 0.078753516155316505, 
        "fit": "linear", 
        "value": 22.552923961734685
    }, 
    "Ar40": {
        "error": 0.41106229908023278, 
        "fit": "linear", 
        "value": 973.31117795040132
    }, 
    "Ar41": {
        "error": 0.15809845602840478, 
        "fit": "average_SEM", 
        "value": -0.10819960610889312
    }
}