{
    "Ar36": {
        "error": 0.0015615752588935545, 
        "fit": "linear", 
        "value": 0.011715011456243743
    }, 
    "Ar37": {
        "error": 0.13774924218080301, 
        "fit": "linear", 
        "value": -0.02799639008500324
    }, 
    "Ar38": {
        "error": 0.15855791772252908, 
        "fit": "linear", 
        "value": 0.14225154119627442
    }, 
    "Ar39": {
        "error": 0.098692250669287912, 
        "fit": "linear", 
        "value": 22.853949144000293
    }, 
    "Ar40": {
        "error": 0.40870202874405237, 
        "fit": "linear", 
        "value": 985.34112492363181
    }, 
    "Ar41": {
        "error": 0.4066423342379144, 
        "fit": "average_SEM", 
        "value": -0.085892941323092803
    }
}