{
    "Ar36": {
        "error": 0.0014887253266441416, 
        "fit": "linear", 
        "value": 0.011745416051338702
    }, 
    "Ar37": {
        "error": 0.14444720034111175, 
        "fit": "linear", 
        "value": -0.017180945589392316
    }, 
    "Ar38": {
        "error": 0.17649871080173554, 
        "fit": "linear", 
        "value": 0.31271683398079403
    }, 
    "Ar39": {
        "error": 0.086677428472514709, 
        "fit": "linear", 
        "value": 33.640806341080996
    }, 
    "Ar40": {
        "error": 0.54518656850537228, 
        "fit": "linear", 
        "value": 1458.2961598085212
    }, 
    "Ar41": {
        "error": 0.17513285175123303, 
        "fit": "average_SEM", 
        "value": -0.12310124983648874
    }
}