{
    "Ar36": {
        "error": 0.0015918319974064642, 
        "fit": "linear", 
        "value": 0.013021219345548974
    }, 
    "Ar37": {
        "error": 0.13991404868153531, 
        "fit": "linear", 
        "value": 0.0097246680993354796
    }, 
    "Ar38": {
        "error": 0.15968070616314173, 
        "fit": "linear", 
        "value": 0.57987206083499931
    }, 
    "Ar39": {
        "error": 0.10217494834433984, 
        "fit": "linear", 
        "value": 54.107465226637387
    }, 
    "Ar40": {
        "error": 0.66718662030644338, 
        "fit": "linear", 
        "value": 2348.8362414300082
    }, 
    "Ar41": {
        "error": 0.15037652815606489, 
        "fit": "average_SEM", 
        "value": -0.075357377006568846
    }
}