{
    "Ar36": {
        "error": 0.0018634674945183392, 
        "fit": "linear", 
        "value": 0.018516467177218277
    }, 
    "Ar37": {
        "error": 0.16316641635284856, 
        "fit": "linear", 
        "value": 0.006409678038017657
    }, 
    "Ar38": {
        "error": 0.17421910716287059, 
        "fit": "linear", 
        "value": 0.34828579624467443
    }, 
    "Ar39": {
        "error": 0.081000544940352345, 
        "fit": "linear", 
        "value": 41.490954348783667
    }, 
    "Ar40": {
        "error": 0.5635723449951241, 
        "fit": "linear", 
        "value": 1806.9466156439798
    }, 
    "Ar41": {
        "error": 0.13787838289237456, 
        "fit": "average_SEM", 
        "value": -0.089603555406857702
    }
}