{
    "Ar36": {
        "error": 0.0017464253615248441, 
        "fit": "linear", 
        "value": 0.012313002571646137
    }, 
    "Ar37": {
        "error": 0.14009761355665734, 
        "fit": "linear", 
        "value": 0.081710603430001416
    }, 
    "Ar38": {
        "error": 0.15361291807280258, 
        "fit": "linear", 
        "value": 0.78851368912007769
    }, 
    "Ar39": {
        "error": 0.094559385872975535, 
        "fit": "linear", 
        "value": 73.864816789963697
    }, 
    "Ar40": {
        "error": 0.77856153082445179, 
        "fit": "linear", 
        "value": 3223.492388800129
    }, 
    "Ar41": {
        "error": 0.17337431626216332, 
        "fit": "average_SEM", 
        "value": -0.062332632340257987
    }
}