{
    "Ar36": {
        "error": 0.0015528480780133615, 
        "fit": "linear", 
        "value": 0.011419364999151669
    }, 
    "Ar37": {
        "error": 0.15059604761444972, 
        "fit": "linear", 
        "value": -0.002636809310187135
    }, 
    "Ar38": {
        "error": 0.16382606808497099, 
        "fit": "linear", 
        "value": 0.18142018066450855
    }, 
    "Ar39": {
        "error": 0.073623087468763504, 
        "fit": "linear", 
        "value": 25.209857539656298
    }, 
    "Ar40": {
        "error": 0.46442360967670909, 
        "fit": "linear", 
        "value": 1091.6196139868716
    }, 
    "Ar41": {
        "error": 0.13079134480642188, 
        "fit": "average_SEM", 
        "value": -0.10344650375449824
    }
}