{
    "Ar36": {
        "error": 0.0034151426843405321, 
        "fit": "linear", 
        "value": 0.076428222313752542
    }, 
    "Ar37": {
        "error": 0.14762344922379411, 
        "fit": "linear", 
        "value": -0.045936495480549754
    }, 
    "Ar38": {
        "error": 0.17322509808363876, 
        "fit": "linear", 
        "value": 0.34209691259429764
    }, 
    "Ar39": {
        "error": 0.090777910654474228, 
        "fit": "linear", 
        "value": 37.748060444400338
    }, 
    "Ar40": {
        "error": 0.55264254488045128, 
        "fit": "linear", 
        "value": 1663.999938423507
    }, 
    "Ar41": {
        "error": 0.12896257878119907, 
        "fit": "average_SEM", 
        "value": -0.092360907148880261
    }
}