{
    "Ar36": {
        "error": 0.0017647547024272747, 
        "fit": "linear", 
        "value": 0.015332355730224343
    }, 
    "Ar37": {
        "error": 0.17008354774275158, 
        "fit": "linear", 
        "value": 0.014354378227300915
    }, 
    "Ar38": {
        "error": 0.17351978363838719, 
        "fit": "linear", 
        "value": 0.47454049228072032
    }, 
    "Ar39": {
        "error": 0.093774314357913668, 
        "fit": "linear", 
        "value": 45.176228978702312
    }, 
    "Ar40": {
        "error": 0.63167036658160869, 
        "fit": "linear", 
        "value": 1971.242641009193
    }, 
    "Ar41": {
        "error": 0.1545165516329533, 
        "fit": "average_SEM", 
        "value": -0.083522925910074264
    }
}