{
    "Ar36": {
        "error": 0.0015230328279217736, 
        "fit": "linear", 
        "value": 0.013098035950437761
    }, 
    "Ar37": {
        "error": 0.16642594760226148, 
        "fit": "linear", 
        "value": -0.011347811564177246
    }, 
    "Ar38": {
        "error": 0.18125686401205565, 
        "fit": "linear", 
        "value": 0.35838405501713178
    }, 
    "Ar39": {
        "error": 0.12150292915173681, 
        "fit": "linear", 
        "value": 39.706015235463965
    }, 
    "Ar40": {
        "error": 0.53607314415765528, 
        "fit": "linear", 
        "value": 1727.5381742422171
    }, 
    "Ar41": {
        "error": 0.14135424916461195, 
        "fit": "average_SEM", 
        "value": -0.10022401034819066
    }
}