{
    "Ar36": {
        "error": 0.0013925971011138772, 
        "fit": "linear", 
        "value": 0.011698254950185259
    }, 
    "Ar37": {
        "error": 0.15482039980786602, 
        "fit": "linear", 
        "value": -0.046436631459431048
    }, 
    "Ar38": {
        "error": 0.18805118822110439, 
        "fit": "linear", 
        "value": 0.17974517812314503
    }, 
    "Ar39": {
        "error": 0.08652199723609956, 
        "fit": "linear", 
        "value": 25.555715450803568
    }, 
    "Ar40": {
        "error": 0.41134270532634676, 
        "fit": "linear", 
        "value": 1110.4733567962242
    }, 
    "Ar41": {
        "error": 0.13238906697034492, 
        "fit": "average_SEM", 
        "value": -0.10037948617116652
    }
}