{
    "Ar36": {
        "error": 0.0016452554359548789, 
        "fit": "linear", 
        "value": 0.012151834152556919
    }, 
    "Ar37": {
        "error": 0.15281517423145266, 
        "fit": "linear", 
        "value": -0.029741266399135741
    }, 
    "Ar38": {
        "error": 0.17707394054608858, 
        "fit": "linear", 
        "value": 0.35414113642155765
    }, 
    "Ar39": {
        "error": 0.077739503033964569, 
        "fit": "linear", 
        "value": 38.121455111507984
    }, 
    "Ar40": {
        "error": 0.5266941945061222, 
        "fit": "linear", 
        "value": 1655.5951348886817
    }, 
    "Ar41": {
        "error": 0.14323685153492627, 
        "fit": "average_SEM", 
        "value": -0.098145395032608773
    }
}