{
    "Ar36": {
        "error": 0.0017706379364317943, 
        "fit": "linear", 
        "value": 0.014471621987348332
    }, 
    "Ar37": {
        "error": 0.16629872749445346, 
        "fit": "linear", 
        "value": 0.0015601991414706442
    }, 
    "Ar38": {
        "error": 0.16868944100597041, 
        "fit": "linear", 
        "value": 0.33687945411902048
    }, 
    "Ar39": {
        "error": 0.08067549560313729, 
        "fit": "linear", 
        "value": 38.409504578813312
    }, 
    "Ar40": {
        "error": 0.55150511214747489, 
        "fit": "linear", 
        "value": 1669.9394914585582
    }, 
    "Ar41": {
        "error": 0.13522273251361799, 
        "fit": "average_SEM", 
        "value": -0.077127489681717842
    }
}