{
    "Ar36": {
        "error": 0.0014531214661030068, 
        "fit": "linear", 
        "value": 0.011493673190119839
    }, 
    "Ar37": {
        "error": 0.16908848781774699, 
        "fit": "linear", 
        "value": 0.086036089669128568
    }, 
    "Ar38": {
        "error": 0.14945716727881431, 
        "fit": "linear", 
        "value": 0.5905696007305411
    }, 
    "Ar39": {
        "error": 0.088793063770841063, 
        "fit": "linear", 
        "value": 54.970946139086337
    }, 
    "Ar40": {
        "error": 0.60490227724664125, 
        "fit": "linear", 
        "value": 2392.5634511221401
    }, 
    "Ar41": {
        "error": 0.14911124067539225, 
        "fit": "average_SEM", 
        "value": -0.075000758757232694
    }
}