{
    "Ar36": {
        "error": 0.0016570088931234109, 
        "fit": "linear", 
        "value": 0.018301176170131835
    }, 
    "Ar37": {
        "error": 0.16382583558167915, 
        "fit": "linear", 
        "value": -0.041467604918085058
    }, 
    "Ar38": {
        "error": 0.18392158932537711, 
        "fit": "linear", 
        "value": 0.23522332124208206
    }, 
    "Ar39": {
        "error": 0.086981391868466318, 
        "fit": "linear", 
        "value": 28.099656079593402
    }, 
    "Ar40": {
        "error": 0.47324386289404191, 
        "fit": "linear", 
        "value": 1219.2483420328326
    }, 
    "Ar41": {
        "error": 0.13429508694522016, 
        "fit": "average_SEM", 
        "value": -0.096547311914036982
    }
}