{
    "Ar36": {
        "error": 0.0034844918453335928, 
        "fit": "linear", 
        "value": 0.014075405680091722
    }, 
    "Ar37": {
        "error": 0.13447313383611695, 
        "fit": "linear", 
        "value": 0.062707816723149817
    }, 
    "Ar38": {
        "error": 0.17706822169459405, 
        "fit": "linear", 
        "value": 0.679803789406767
    }, 
    "Ar39": {
        "error": 0.099008679223236681, 
        "fit": "linear", 
        "value": 60.101084705252788
    }, 
    "Ar40": {
        "error": 0.70478846881232726, 
        "fit": "linear", 
        "value": 2608.606292846569
    }, 
    "Ar41": {
        "error": 0.15428324639017804, 
        "fit": "average_SEM", 
        "value": -0.075855918560409921
    }
}