{
    "Ar36": {
        "error": 0.0016651717159459844, 
        "fit": "linear", 
        "value": 0.0127511190627935
    }, 
    "Ar37": {
        "error": 0.14921807379901941, 
        "fit": "linear", 
        "value": 0.034519740094165675
    }, 
    "Ar38": {
        "error": 0.18002590878418434, 
        "fit": "linear", 
        "value": 0.39831441999052453
    }, 
    "Ar39": {
        "error": 0.085561746134978689, 
        "fit": "linear", 
        "value": 40.634186674525502
    }, 
    "Ar40": {
        "error": 0.54399715630740397, 
        "fit": "linear", 
        "value": 1760.453028735948
    }, 
    "Ar41": {
        "error": 0.12701589770439731, 
        "fit": "average_SEM", 
        "value": -0.085162646415200369
    }
}