{
    "Ar36": {
        "error": 0.0014837433648674514, 
        "fit": "linear", 
        "value": 0.011379767805507292
    }, 
    "Ar37": {
        "error": 0.14390243561804258, 
        "fit": "linear", 
        "value": 0.035960709978025501
    }, 
    "Ar38": {
        "error": 0.16456970615657224, 
        "fit": "linear", 
        "value": 0.18904611481332451
    }, 
    "Ar39": {
        "error": 0.080534730781877395, 
        "fit": "linear", 
        "value": 24.222289472902069
    }, 
    "Ar40": {
        "error": 0.3801902062416998, 
        "fit": "linear", 
        "value": 1044.6430163843627
    }, 
    "Ar41": {
        "error": 0.13641885387477701, 
        "fit": "average_SEM", 
        "value": -0.11002560052179938
    }
}