{
    "Ar36": {
        "error": 0.0041331902012059036, 
        "fit": "linear", 
        "value": 0.026848863367405239
    }, 
    "Ar37": {
        "error": 0.16230854900519306, 
        "fit": "linear", 
        "value": 0.021800026786435108
    }, 
    "Ar38": {
        "error": 0.16102599854206903, 
        "fit": "linear", 
        "value": 0.38306084651345385
    }, 
    "Ar39": {
        "error": 0.088348071557301705, 
        "fit": "linear", 
        "value": 42.784010929716302
    }, 
    "Ar40": {
        "error": 0.59212838025507053, 
        "fit": "linear", 
        "value": 1857.0843160671402
    }, 
    "Ar41": {
        "error": 0.13885386483417553, 
        "fit": "average_SEM", 
        "value": -0.089304617312478102
    }
}