{
    "Ar36": {
        "error": 0.0015591502223472468, 
        "fit": "linear", 
        "value": 0.013796680331664412
    }, 
    "Ar37": {
        "error": 0.16656007824272359, 
        "fit": "linear", 
        "value": 0.035597801985543437
    }, 
    "Ar38": {
        "error": 0.17354405730935979, 
        "fit": "linear", 
        "value": 0.3629846962318361
    }, 
    "Ar39": {
        "error": 0.078005329295803408, 
        "fit": "linear", 
        "value": 39.151683338626668
    }, 
    "Ar40": {
        "error": 0.57300409375438022, 
        "fit": "linear", 
        "value": 1692.9821289363326
    }, 
    "Ar41": {
        "error": 0.21208415806615102, 
        "fit": "average_SEM", 
        "value": -0.090859576672988218
    }
}