{
    "Ar36": {
        "error": 0.0015738903486735773, 
        "fit": "linear", 
        "value": 0.012372843874747508
    }, 
    "Ar37": {
        "error": 0.15875817198683295, 
        "fit": "linear", 
        "value": -0.034284078421595365
    }, 
    "Ar38": {
        "error": 0.16158708124047452, 
        "fit": "linear", 
        "value": 0.093003157636821043
    }, 
    "Ar39": {
        "error": 0.073877391209959301, 
        "fit": "linear", 
        "value": 18.579692044642837
    }, 
    "Ar40": {
        "error": 0.33453533378556288, 
        "fit": "linear", 
        "value": 796.433670001613
    }, 
    "Ar41": {
        "error": 0.15732889964283225, 
        "fit": "average_SEM", 
        "value": -0.11445698954307268
    }
}