{
    "Ar36": {
        "error": 0.0016715320955880218, 
        "fit": "linear", 
        "value": 0.01331014913342549
    }, 
    "Ar37": {
        "error": 0.15530123558253253, 
        "fit": "linear", 
        "value": 0.018859091755997925
    }, 
    "Ar38": {
        "error": 0.15117468222652916, 
        "fit": "linear", 
        "value": 0.14131388623884805
    }, 
    "Ar39": {
        "error": 0.075010299149775056, 
        "fit": "linear", 
        "value": 21.379159954604162
    }, 
    "Ar40": {
        "error": 0.42055956794120569, 
        "fit": "linear", 
        "value": 919.11985684371825
    }, 
    "Ar41": {
        "error": 0.14172895284358486, 
        "fit": "average_SEM", 
        "value": -0.11235999525524676
    }
}