{
    "Ar36": {
        "error": 0.0017500128930344771, 
        "fit": "linear", 
        "value": 0.015737535679483442
    }, 
    "Ar37": {
        "error": 0.14056888977000245, 
        "fit": "linear", 
        "value": 0.009728990810513382
    }, 
    "Ar38": {
        "error": 0.17180945030350608, 
        "fit": "linear", 
        "value": 0.40380138319977232
    }, 
    "Ar39": {
        "error": 0.087176169757553393, 
        "fit": "linear", 
        "value": 41.649613038908207
    }, 
    "Ar40": {
        "error": 0.59129154707274623, 
        "fit": "linear", 
        "value": 1804.9925273338263
    }, 
    "Ar41": {
        "error": 0.21430556030267808, 
        "fit": "average_SEM", 
        "value": -0.081335753286516085
    }
}