{
    "Ar36": {
        "error": 0.001753738578368558, 
        "fit": "linear", 
        "value": 0.010179320756542633
    }, 
    "Ar37": {
        "error": 0.15644046508118339, 
        "fit": "linear", 
        "value": 0.010029557599076661
    }, 
    "Ar38": {
        "error": 0.17775287071558704, 
        "fit": "linear", 
        "value": 0.26387081404524715
    }, 
    "Ar39": {
        "error": 0.081542767008435491, 
        "fit": "linear", 
        "value": 29.970650148308035
    }, 
    "Ar40": {
        "error": 0.42726317487183479, 
        "fit": "linear", 
        "value": 1293.7991537728185
    }, 
    "Ar41": {
        "error": 0.12741356092370451, 
        "fit": "average_SEM", 
        "value": -0.090457781487041047
    }
}