{
    "Ar36": {
        "error": 0.001819607983621704, 
        "fit": "linear", 
        "value": 0.015464165333464449
    }, 
    "Ar37": {
        "error": 0.1557206721399674, 
        "fit": "linear", 
        "value": 0.029012191173829992
    }, 
    "Ar38": {
        "error": 0.1661408459531753, 
        "fit": "linear", 
        "value": 0.43052101143833599
    }, 
    "Ar39": {
        "error": 0.082064117644350926, 
        "fit": "linear", 
        "value": 44.236125325056818
    }, 
    "Ar40": {
        "error": 0.59202238441434152, 
        "fit": "linear", 
        "value": 1924.0625604806951
    }, 
    "Ar41": {
        "error": 0.13022899895090784, 
        "fit": "average_SEM", 
        "value": -0.075624670531962895
    }
}