{
    "Ar36": {
        "error": 0.0042740592135532005, 
        "fit": "linear", 
        "value": 0.013422821893996021
    }, 
    "Ar37": {
        "error": 0.12980010192892028, 
        "fit": "linear", 
        "value": 0.050574179623083831
    }, 
    "Ar38": {
        "error": 0.1495793631839358, 
        "fit": "linear", 
        "value": 0.54759977196094889
    }, 
    "Ar39": {
        "error": 0.091200045075699579, 
        "fit": "linear", 
        "value": 51.83262854087279
    }, 
    "Ar40": {
        "error": 0.65104862892530202, 
        "fit": "linear", 
        "value": 2249.1530972689548
    }, 
    "Ar41": {
        "error": 0.15583939409648015, 
        "fit": "average_SEM", 
        "value": -0.063337073679496023
    }
}