{
    "Ar36": {
        "error": 0.0016744197564761739, 
        "fit": "linear", 
        "value": 0.01418552501795849
    }, 
    "Ar37": {
        "error": 0.16521817092183039, 
        "fit": "linear", 
        "value": 0.036545935827462177
    }, 
    "Ar38": {
        "error": 0.16440864781435649, 
        "fit": "linear", 
        "value": 0.42942789917008334
    }, 
    "Ar39": {
        "error": 0.077158076126099609, 
        "fit": "linear", 
        "value": 45.962235779964409
    }, 
    "Ar40": {
        "error": 0.59986990399207485, 
        "fit": "linear", 
        "value": 1995.0333993818492
    }, 
    "Ar41": {
        "error": 0.15186359886719011, 
        "fit": "average_SEM", 
        "value": -0.086840538544088811
    }
}