{
    "Ar36": {
        "error": 0.0016728825835694962, 
        "fit": "linear", 
        "value": 0.013261198543029418
    }, 
    "Ar37": {
        "error": 0.14576138154148852, 
        "fit": "linear", 
        "value": -0.021627116291762775
    }, 
    "Ar38": {
        "error": 0.15829133397045334, 
        "fit": "linear", 
        "value": 0.21932182726568211
    }, 
    "Ar39": {
        "error": 0.085909587899560297, 
        "fit": "linear", 
        "value": 26.70918430265656
    }, 
    "Ar40": {
        "error": 0.44708770124086422, 
        "fit": "linear", 
        "value": 1157.8800358408969
    }, 
    "Ar41": {
        "error": 0.16278676800941616, 
        "fit": "average_SEM", 
        "value": -0.1129457410502558
    }
}