{
    "Ar36": {
        "error": 0.0019403621538036393, 
        "fit": "linear", 
        "value": 0.021632969088159461
    }, 
    "Ar37": {
        "error": 0.18086868679454202, 
        "fit": "linear", 
        "value": 0.054516647136858852
    }, 
    "Ar38": {
        "error": 0.16887012074888264, 
        "fit": "linear", 
        "value": 0.39244616313145686
    }, 
    "Ar39": {
        "error": 0.079739454953431585, 
        "fit": "linear", 
        "value": 39.531310411209674
    }, 
    "Ar40": {
        "error": 0.58130126908909818, 
        "fit": "linear", 
        "value": 1721.1993580122491
    }, 
    "Ar41": {
        "error": 0.17777328944725324, 
        "fit": "average_SEM", 
        "value": -0.078794805893024511
    }
}