{
    "Ar36": {
        "error": 0.0016276792205399604, 
        "fit": "linear", 
        "value": 0.013093194715322724
    }, 
    "Ar37": {
        "error": 0.16870916489207785, 
        "fit": "linear", 
        "value": 0.024301062126295205
    }, 
    "Ar38": {
        "error": 0.17174393082341421, 
        "fit": "linear", 
        "value": 0.13382060813461261
    }, 
    "Ar39": {
        "error": 0.074595253566605513, 
        "fit": "linear", 
        "value": 22.592410408089336
    }, 
    "Ar40": {
        "error": 0.40838310139853512, 
        "fit": "linear", 
        "value": 978.50731440243112
    }, 
    "Ar41": {
        "error": 0.14282766086850798, 
        "fit": "average_SEM", 
        "value": -0.099273180552214998
    }
}