{
    "Ar36": {
        "error": 0.0038929394112236794, 
        "fit": "linear", 
        "value": 0.021175192403979307
    }, 
    "Ar37": {
        "error": 0.17291774260195775, 
        "fit": "linear", 
        "value": 0.020615004298130051
    }, 
    "Ar38": {
        "error": 0.17308830440270179, 
        "fit": "linear", 
        "value": 0.2806156144949401
    }, 
    "Ar39": {
        "error": 0.085052959446735771, 
        "fit": "linear", 
        "value": 29.50809400651417
    }, 
    "Ar40": {
        "error": 0.48298586893797513, 
        "fit": "linear", 
        "value": 1281.6679179186303
    }, 
    "Ar41": {
        "error": 0.14352944471212434, 
        "fit": "average_SEM", 
        "value": -0.1032581374689471
    }
}