{
    "Ar36": {
        "error": 0.002039008567244819, 
        "fit": "linear", 
        "value": 0.019172313704760656
    }, 
    "Ar37": {
        "error": 0.16348206448203445, 
        "fit": "linear", 
        "value": 0.044713029908998544
    }, 
    "Ar38": {
        "error": 0.16547528774454662, 
        "fit": "linear", 
        "value": 0.67257839313316259
    }, 
    "Ar39": {
        "error": 0.093238724616622401, 
        "fit": "linear", 
        "value": 60.917647361166644
    }, 
    "Ar40": {
        "error": 0.69618209496583605, 
        "fit": "linear", 
        "value": 2664.6304385067779
    }, 
    "Ar41": {
        "error": 0.16390659017232537, 
        "fit": "average_SEM", 
        "value": -0.069554451323993918
    }
}