{
    "Ar36": {
        "error": 0.0017570291261808416, 
        "fit": "linear", 
        "value": 0.015393856851488226
    }, 
    "Ar37": {
        "error": 0.16389598744063555, 
        "fit": "linear", 
        "value": 0.088867947986819379
    }, 
    "Ar38": {
        "error": 0.16773184356880191, 
        "fit": "linear", 
        "value": 0.45880297207195031
    }, 
    "Ar39": {
        "error": 0.081884077107521658, 
        "fit": "linear", 
        "value": 47.448528130563034
    }, 
    "Ar40": {
        "error": 0.63916787664760433, 
        "fit": "linear", 
        "value": 2068.6207656956904
    }, 
    "Ar41": {
        "error": 0.15959836950158271, 
        "fit": "average_SEM", 
        "value": -0.05252711533685215
    }
}