{
    "Ar36": {
        "error": 0.002676119315315291, 
        "fit": "linear", 
        "value": 0.042418333935600433
    }, 
    "Ar37": {
        "error": 0.16342721719165015, 
        "fit": "linear", 
        "value": 0.12239811806367457
    }, 
    "Ar38": {
        "error": 0.16511652862407256, 
        "fit": "linear", 
        "value": 0.60366544527731225
    }, 
    "Ar39": {
        "error": 0.10959738718968544, 
        "fit": "linear", 
        "value": 57.177347527852277
    }, 
    "Ar40": {
        "error": 0.7110981260767768, 
        "fit": "linear", 
        "value": 2497.7221599475706
    }, 
    "Ar41": {
        "error": 0.15911581143121079, 
        "fit": "average_SEM", 
        "value": -0.069834692191539538
    }
}