{
    "Ar36": {
        "error": 0.0019997941468982601, 
        "fit": "linear", 
        "value": 0.017911081845613311
    }, 
    "Ar37": {
        "error": 0.14564406689074422, 
        "fit": "linear", 
        "value": -0.028133576239859494
    }, 
    "Ar38": {
        "error": 0.16282533966980134, 
        "fit": "linear", 
        "value": 0.1635794458393221
    }, 
    "Ar39": {
        "error": 0.072012303127093433, 
        "fit": "linear", 
        "value": 26.49828816794961
    }, 
    "Ar40": {
        "error": 0.46194754533948729, 
        "fit": "linear", 
        "value": 1150.3902237554066
    }, 
    "Ar41": {
        "error": 0.17551624577654568, 
        "fit": "average_SEM", 
        "value": -0.099851827933970419
    }
}