{
    "Ar36": {
        "error": 0.001850323610369356, 
        "fit": "linear", 
        "value": 0.016013206060349117
    }, 
    "Ar37": {
        "error": 0.13934138480139327, 
        "fit": "linear", 
        "value": 0.063314123515575152
    }, 
    "Ar38": {
        "error": 0.16450041398494236, 
        "fit": "linear", 
        "value": 0.59523579409939942
    }, 
    "Ar39": {
        "error": 0.10453672763879161, 
        "fit": "linear", 
        "value": 52.732399811867651
    }, 
    "Ar40": {
        "error": 0.7097261477916269, 
        "fit": "linear", 
        "value": 2295.8389784232959
    }, 
    "Ar41": {
        "error": 0.179601981905291, 
        "fit": "average_SEM", 
        "value": -0.058210171124018315
    }
}