{
    "Ar36": {
        "error": 0.001816706814023984, 
        "fit": "linear", 
        "value": 0.014997829126196613
    }, 
    "Ar37": {
        "error": 0.15902913324710383, 
        "fit": "linear", 
        "value": 0.019889398438954542
    }, 
    "Ar38": {
        "error": 0.19132817612947298, 
        "fit": "linear", 
        "value": 0.27079012764551597
    }, 
    "Ar39": {
        "error": 0.084975005205993576, 
        "fit": "linear", 
        "value": 29.81442167289341
    }, 
    "Ar40": {
        "error": 0.44319735862821613, 
        "fit": "linear", 
        "value": 1294.4546096015683
    }, 
    "Ar41": {
        "error": 0.1440004466488797, 
        "fit": "average_SEM", 
        "value": -0.085244773525563589
    }
}