{
    "Ar36": {
        "error": 0.0017533901330991123, 
        "fit": "linear", 
        "value": 0.019577461736951685
    }, 
    "Ar37": {
        "error": 0.17366311318698413, 
        "fit": "linear", 
        "value": 0.028491722387428364
    }, 
    "Ar38": {
        "error": 0.17023398888879787, 
        "fit": "linear", 
        "value": 0.46342034941407079
    }, 
    "Ar39": {
        "error": 0.091101498661197627, 
        "fit": "linear", 
        "value": 44.695518163076613
    }, 
    "Ar40": {
        "error": 0.60665327574488725, 
        "fit": "linear", 
        "value": 1945.6614162141436
    }, 
    "Ar41": {
        "error": 0.14479610782952634, 
        "fit": "average_SEM", 
        "value": -0.094123900586661577
    }
}