{
    "Ar36": {
        "error": 0.0091511306849628229, 
        "fit": "linear", 
        "value": 0.02106826490836939
    }, 
    "Ar37": {
        "error": 0.18921985680706796, 
        "fit": "linear", 
        "value": 0.17804791879771631
    }, 
    "Ar38": {
        "error": 0.1468917226670563, 
        "fit": "linear", 
        "value": 1.1572809980026155
    }, 
    "Ar39": {
        "error": 0.11440064298036037, 
        "fit": "linear", 
        "value": 99.947022664971357
    }, 
    "Ar40": {
        "error": 1.0244991809439581, 
        "fit": "linear", 
        "value": 4352.0785721750344
    }, 
    "Ar41": {
        "error": 0.14264966031781942, 
        "fit": "average_SEM", 
        "value": -0.03447110982766996
    }
}