{
    "Ar36": {
        "error": 0.0017264390052326899, 
        "fit": "linear", 
        "value": 0.017450951423733707
    }, 
    "Ar37": {
        "error": 0.1461526791453035, 
        "fit": "linear", 
        "value": -0.0096219969544606015
    }, 
    "Ar38": {
        "error": 0.1545939042421228, 
        "fit": "linear", 
        "value": 0.15872687691909571
    }, 
    "Ar39": {
        "error": 0.078273557199920199, 
        "fit": "linear", 
        "value": 20.792223537335332
    }, 
    "Ar40": {
        "error": 0.37147444482329961, 
        "fit": "linear", 
        "value": 897.18902112052979
    }, 
    "Ar41": {
        "error": 0.15118713694827565, 
        "fit": "average_SEM", 
        "value": -0.10520628232301937
    }
}