{
    "Ar36": {
        "error": 0.0017098091445000964, 
        "fit": "linear", 
        "value": 0.015647787454020682
    }, 
    "Ar37": {
        "error": 0.15556618879986117, 
        "fit": "linear", 
        "value": 0.040042409509616933
    }, 
    "Ar38": {
        "error": 0.15690442444039768, 
        "fit": "linear", 
        "value": 0.430500149933286
    }, 
    "Ar39": {
        "error": 0.090433117665892751, 
        "fit": "linear", 
        "value": 46.997758124504223
    }, 
    "Ar40": {
        "error": 0.63022388746955926, 
        "fit": "linear", 
        "value": 2040.8135289360246
    }, 
    "Ar41": {
        "error": 0.15730732481334808, 
        "fit": "average_SEM", 
        "value": -0.056641431803452887
    }
}