{
    "Ar36": {
        "error": 0.0017990464673899311, 
        "fit": "linear", 
        "value": 0.018654587779339912
    }, 
    "Ar37": {
        "error": 0.20776834019614346, 
        "fit": "linear", 
        "value": 0.012859018226985382
    }, 
    "Ar38": {
        "error": 0.1823043931588918, 
        "fit": "linear", 
        "value": 0.12445327727589572
    }, 
    "Ar39": {
        "error": 0.076029314741911824, 
        "fit": "linear", 
        "value": 22.316233706333445
    }, 
    "Ar40": {
        "error": 0.38484044506619158, 
        "fit": "linear", 
        "value": 963.0949816240302
    }, 
    "Ar41": {
        "error": 0.15244058461935758, 
        "fit": "average_SEM", 
        "value": -0.10860813045744888
    }
}