{
    "Ar36": {
        "error": 0.0022153433347860485, 
        "fit": "linear", 
        "value": 0.022818330287528124
    }, 
    "Ar37": {
        "error": 0.13283669445632623, 
        "fit": "linear", 
        "value": 0.045466434705427883
    }, 
    "Ar38": {
        "error": 0.16535724094206836, 
        "fit": "linear", 
        "value": 0.55129897753307655
    }, 
    "Ar39": {
        "error": 0.096716730832184031, 
        "fit": "linear", 
        "value": 52.05823867701843
    }, 
    "Ar40": {
        "error": 0.67397050466276442, 
        "fit": "linear", 
        "value": 2261.2075766619491
    }, 
    "Ar41": {
        "error": 0.16102156544144153, 
        "fit": "average_SEM", 
        "value": -0.058736626349855214
    }
}