{
    "Ar36": {
        "error": 0.0023013653663368086, 
        "fit": "linear", 
        "value": 0.027222950949916565
    }, 
    "Ar37": {
        "error": 0.27397930719425451, 
        "fit": "linear", 
        "value": 0.026488199756389826
    }, 
    "Ar38": {
        "error": 0.201334093011802, 
        "fit": "linear", 
        "value": 0.30824534600771314
    }, 
    "Ar39": {
        "error": 0.08521532208142002, 
        "fit": "linear", 
        "value": 34.770396121598381
    }, 
    "Ar40": {
        "error": 0.49864586145139572, 
        "fit": "linear", 
        "value": 1512.2034641857365
    }, 
    "Ar41": {
        "error": 0.16978546103118519, 
        "fit": "average_SEM", 
        "value": -0.080792843677853748
    }
}