{
    "Ar36": {
        "error": 0.0018599339303620416, 
        "fit": "linear", 
        "value": 0.018083764352393818
    }, 
    "Ar37": {
        "error": 0.14805230374194042, 
        "fit": "linear", 
        "value": 0.036370232271437666
    }, 
    "Ar38": {
        "error": 0.15614416683732069, 
        "fit": "linear", 
        "value": 0.47971363600482331
    }, 
    "Ar39": {
        "error": 0.093455507656005729, 
        "fit": "linear", 
        "value": 46.979467444206151
    }, 
    "Ar40": {
        "error": 0.64906769008170351, 
        "fit": "linear", 
        "value": 2050.4337567469529
    }, 
    "Ar41": {
        "error": 0.20692558055585136, 
        "fit": "average_SEM", 
        "value": 0.2034589875748174
    }
}