{
    "Ar36": {
        "error": 0.0018246968400049348, 
        "fit": "linear", 
        "value": 0.018525906471611338
    }, 
    "Ar37": {
        "error": 0.18038650661026664, 
        "fit": "linear", 
        "value": 0.0845866297769476
    }, 
    "Ar38": {
        "error": 0.14436467213655743, 
        "fit": "linear", 
        "value": 0.8426825367190911
    }, 
    "Ar39": {
        "error": 0.10462424644273145, 
        "fit": "linear", 
        "value": 77.000500401079051
    }, 
    "Ar40": {
        "error": 0.80960989332126954, 
        "fit": "linear", 
        "value": 3365.0947807682446
    }, 
    "Ar41": {
        "error": 0.15738306342060693, 
        "fit": "average_SEM", 
        "value": -0.046553863151711991
    }
}