{
    "Ar36": {
        "error": 0.0023143013507749377, 
        "fit": "linear", 
        "value": 0.012906896207959061
    }, 
    "Ar37": {
        "error": 0.16642943490113865, 
        "fit": "linear", 
        "value": 0.025462359258037245
    }, 
    "Ar38": {
        "error": 0.17452426838744434, 
        "fit": "linear", 
        "value": 0.36006325904344366
    }, 
    "Ar39": {
        "error": 0.092013898029057822, 
        "fit": "linear", 
        "value": 38.726637553371035
    }, 
    "Ar40": {
        "error": 0.4821150065504361, 
        "fit": "linear", 
        "value": 1689.562457278957
    }, 
    "Ar41": {
        "error": 0.17165261895099088, 
        "fit": "average_SEM", 
        "value": -0.045558379037538545
    }
}