{
    "Ar36": {
        "error": 0.0014913709492571331, 
        "fit": "linear", 
        "value": 0.010924147515748325
    }, 
    "Ar37": {
        "error": 0.18624971526611844, 
        "fit": "linear", 
        "value": 0.053377747568778736
    }, 
    "Ar38": {
        "error": 0.17455994336427666, 
        "fit": "linear", 
        "value": 0.34396086774278573
    }, 
    "Ar39": {
        "error": 0.08702734301433257, 
        "fit": "linear", 
        "value": 36.573457966921573
    }, 
    "Ar40": {
        "error": 0.47784765812580288, 
        "fit": "linear", 
        "value": 1592.2385883823722
    }, 
    "Ar41": {
        "error": 0.13560748371030362, 
        "fit": "average_SEM", 
        "value": 0.19239029638839483
    }
}