{
    "Ar36": {
        "error": 0.0015432198395399419, 
        "fit": "linear", 
        "value": 0.011306977608838231
    }, 
    "Ar37": {
        "error": 0.16399535622417469, 
        "fit": "linear", 
        "value": 0.0027238859316134276
    }, 
    "Ar38": {
        "error": 0.18122061524028762, 
        "fit": "linear", 
        "value": 0.14214955458162934
    }, 
    "Ar39": {
        "error": 0.091422335326624887, 
        "fit": "linear", 
        "value": 23.426073601504747
    }, 
    "Ar40": {
        "error": 0.42734771587576931, 
        "fit": "linear", 
        "value": 1016.2029496564514
    }, 
    "Ar41": {
        "error": 0.1559574537384078, 
        "fit": "average_SEM", 
        "value": 0.17078856982730536
    }
}