{
    "Ar36": {
        "error": 0.002436695780365164, 
        "fit": "linear", 
        "value": 0.023168352487284931
    }, 
    "Ar37": {
        "error": 0.15920373152332601, 
        "fit": "linear", 
        "value": -0.011973950985097979
    }, 
    "Ar38": {
        "error": 0.17909223821732076, 
        "fit": "linear", 
        "value": 0.26394012779719345
    }, 
    "Ar39": {
        "error": 0.076260614554684011, 
        "fit": "linear", 
        "value": 32.378395252988277
    }, 
    "Ar40": {
        "error": 0.48043785817028045, 
        "fit": "linear", 
        "value": 1410.8565387207395
    }, 
    "Ar41": {
        "error": 0.13390577292173111, 
        "fit": "average_SEM", 
        "value": 0.18275074685095913
    }
}