{
    "Ar36": {
        "error": 0.0019961451414264577, 
        "fit": "linear", 
        "value": 0.021034805710468615
    }, 
    "Ar37": {
        "error": 0.14966494694609772, 
        "fit": "linear", 
        "value": 0.072107320508877859
    }, 
    "Ar38": {
        "error": 0.13977201280541632, 
        "fit": "linear", 
        "value": 0.61910157653745435
    }, 
    "Ar39": {
        "error": 0.13661807760459538, 
        "fit": "linear", 
        "value": 57.207505730209405
    }, 
    "Ar40": {
        "error": 0.67536346800180924, 
        "fit": "linear", 
        "value": 2499.6818000643507
    }, 
    "Ar41": {
        "error": 0.16255305918769458, 
        "fit": "average_SEM", 
        "value": 0.20287121766466751
    }
}