{
    "Ar36": {
        "error": 0.0017444583409371797, 
        "fit": "linear", 
        "value": 0.016230639667907588
    }, 
    "Ar37": {
        "error": 0.19180816339007553, 
        "fit": "linear", 
        "value": 0.032476714389411326
    }, 
    "Ar38": {
        "error": 0.16437426626971305, 
        "fit": "linear", 
        "value": 0.33422105292119952
    }, 
    "Ar39": {
        "error": 0.084693296600605164, 
        "fit": "linear", 
        "value": 35.019215400509694
    }, 
    "Ar40": {
        "error": 0.50808024161394749, 
        "fit": "linear", 
        "value": 1526.8636858224995
    }, 
    "Ar41": {
        "error": 0.19032679886528364, 
        "fit": "average_SEM", 
        "value": 0.16724025120234323
    }
}