{
    "Ar36": {
        "error": 0.0016950528662614123, 
        "fit": "linear", 
        "value": 0.015318482449931656
    }, 
    "Ar37": {
        "error": 0.13698757296653061, 
        "fit": "linear", 
        "value": -0.015261728903229344
    }, 
    "Ar38": {
        "error": 0.17086378230496652, 
        "fit": "linear", 
        "value": 0.32371265168482721
    }, 
    "Ar39": {
        "error": 0.078598432889767561, 
        "fit": "linear", 
        "value": 34.431347626861609
    }, 
    "Ar40": {
        "error": 0.50612337078592162, 
        "fit": "linear", 
        "value": 1498.5205871642852
    }, 
    "Ar41": {
        "error": 0.16368980617574214, 
        "fit": "average_SEM", 
        "value": 0.19143427030131635
    }
}