{
    "Ar36": {
        "error": 0.0016713134124526061, 
        "fit": "linear", 
        "value": 0.015721058131859714
    }, 
    "Ar37": {
        "error": 0.15808819068068172, 
        "fit": "linear", 
        "value": 0.023634281680619807
    }, 
    "Ar38": {
        "error": 0.17792468104344375, 
        "fit": "linear", 
        "value": 0.38282516483782314
    }, 
    "Ar39": {
        "error": 0.094323287555856491, 
        "fit": "linear", 
        "value": 40.7756003666792
    }, 
    "Ar40": {
        "error": 0.55161827013075726, 
        "fit": "linear", 
        "value": 1774.1151590509078
    }, 
    "Ar41": {
        "error": 0.14344916440871014, 
        "fit": "average_SEM", 
        "value": 0.17899825822646057
    }
}