{
    "Ar36": {
        "error": 0.0016029812209708964, 
        "fit": "linear", 
        "value": 0.013025387665492444
    }, 
    "Ar37": {
        "error": 0.16874582667811325, 
        "fit": "linear", 
        "value": 0.0060809671346100241
    }, 
    "Ar38": {
        "error": 0.16875225050611001, 
        "fit": "linear", 
        "value": 0.35609192401830492
    }, 
    "Ar39": {
        "error": 0.086580389967590377, 
        "fit": "linear", 
        "value": 35.440541777018467
    }, 
    "Ar40": {
        "error": 0.48232527776159256, 
        "fit": "linear", 
        "value": 1539.0308360692936
    }, 
    "Ar41": {
        "error": 0.14298958157982822, 
        "fit": "average_SEM", 
        "value": 0.17513638387131827
    }
}