{
    "Ar36": {
        "error": 0.0017549461509704881, 
        "fit": "linear", 
        "value": 0.016784289489956951
    }, 
    "Ar37": {
        "error": 0.17409897246163347, 
        "fit": "linear", 
        "value": 0.0075499708967195637
    }, 
    "Ar38": {
        "error": 0.162725639376535, 
        "fit": "linear", 
        "value": 0.083553054286191433
    }, 
    "Ar39": {
        "error": 0.07541265564694756, 
        "fit": "linear", 
        "value": 10.44661652557777
    }, 
    "Ar40": {
        "error": 0.2778579474373235, 
        "fit": "linear", 
        "value": 445.48400512140029
    }, 
    "Ar41": {
        "error": 0.19703122958303224, 
        "fit": "average_SEM", 
        "value": 0.1472466567841669
    }
}