{
    "Ar36": {
        "error": 0.002279880994788366, 
        "fit": "linear", 
        "value": 0.019262133328453258
    }, 
    "Ar37": {
        "error": 0.17997395253302589, 
        "fit": "linear", 
        "value": 0.031453294908065907
    }, 
    "Ar38": {
        "error": 0.17063909274943953, 
        "fit": "linear", 
        "value": 0.42170986178770509
    }, 
    "Ar39": {
        "error": 0.086880396934556153, 
        "fit": "linear", 
        "value": 40.501529081652251
    }, 
    "Ar40": {
        "error": 0.54420359866781476, 
        "fit": "linear", 
        "value": 1762.2430331281641
    }, 
    "Ar41": {
        "error": 0.17433722863481182, 
        "fit": "average_SEM", 
        "value": 0.188295412013152
    }
}