{
    "Ar36": {
        "error": 0.0018238412973600232, 
        "fit": "linear", 
        "value": 0.019223372541666887
    }, 
    "Ar37": {
        "error": 0.17396112529912153, 
        "fit": "linear", 
        "value": 0.075860236350389493
    }, 
    "Ar38": {
        "error": 0.17188366944058314, 
        "fit": "linear", 
        "value": 0.70664181222084177
    }, 
    "Ar39": {
        "error": 0.097294585500582745, 
        "fit": "linear", 
        "value": 66.533946766394877
    }, 
    "Ar40": {
        "error": 0.77591893495533859, 
        "fit": "linear", 
        "value": 2892.8272894127072
    }, 
    "Ar41": {
        "error": 0.14975588676803631, 
        "fit": "average_SEM", 
        "value": -0.07572336528683081
    }
}