{
    "Ar36": {
        "error": 0.0017391838761451491, 
        "fit": "linear", 
        "value": 0.014487090223210354
    }, 
    "Ar37": {
        "error": 0.18182106765073255, 
        "fit": "linear", 
        "value": 0.06059039513742856
    }, 
    "Ar38": {
        "error": 0.14897816199603967, 
        "fit": "linear", 
        "value": 0.68064138088961679
    }, 
    "Ar39": {
        "error": 0.094122310215855765, 
        "fit": "linear", 
        "value": 62.305989528567025
    }, 
    "Ar40": {
        "error": 0.7762432656699888, 
        "fit": "linear", 
        "value": 2705.4672311807562
    }, 
    "Ar41": {
        "error": 0.1295902460549373, 
        "fit": "average_SEM", 
        "value": -0.050371134130141902
    }
}