{
    "Ar36": {
        "error": 0.002350380568441301, 
        "fit": "linear", 
        "value": 0.0192824318535267
    }, 
    "Ar37": {
        "error": 0.19875080169012393, 
        "fit": "linear", 
        "value": 0.10349066075193948
    }, 
    "Ar38": {
        "error": 0.15687403356040269, 
        "fit": "linear", 
        "value": 0.90060361678841305
    }, 
    "Ar39": {
        "error": 0.10580526293728605, 
        "fit": "linear", 
        "value": 78.334298290429814
    }, 
    "Ar40": {
        "error": 0.80666088260272939, 
        "fit": "linear", 
        "value": 3408.9424742698397
    }, 
    "Ar41": {
        "error": 0.1524023271596911, 
        "fit": "average_SEM", 
        "value": 0.20722444185521455
    }
}