{
    "Ar36": {
        "error": 0.0020264612690035332, 
        "fit": "linear", 
        "value": 0.020831739989052963
    }, 
    "Ar37": {
        "error": 0.13868543360462504, 
        "fit": "linear", 
        "value": 0.074741970214363643
    }, 
    "Ar38": {
        "error": 0.27675558508539588, 
        "fit": "linear", 
        "value": 0.4911632633900489
    }, 
    "Ar39": {
        "error": 0.078341413680797084, 
        "fit": "linear", 
        "value": 43.931687013136028
    }, 
    "Ar40": {
        "error": 0.56636520355534781, 
        "fit": "linear", 
        "value": 1917.5740765495184
    }, 
    "Ar41": {
        "error": 0.12937979259664956, 
        "fit": "average_SEM", 
        "value": -0.25125264304302014
    }
}