{
    "Ar36": {
        "error": 0.0019160580477017271, 
        "fit": "linear", 
        "value": 0.01834572581163927
    }, 
    "Ar37": {
        "error": 0.13667120483180692, 
        "fit": "linear", 
        "value": 0.042344241924728722
    }, 
    "Ar38": {
        "error": 0.28687480239549223, 
        "fit": "linear", 
        "value": 0.50272617409986498
    }, 
    "Ar39": {
        "error": 0.08163228860967979, 
        "fit": "linear", 
        "value": 39.077317101642009
    }, 
    "Ar40": {
        "error": 0.52473815635167154, 
        "fit": "linear", 
        "value": 1706.4468426693306
    }, 
    "Ar41": {
        "error": 0.12342429735096273, 
        "fit": "average_SEM", 
        "value": -0.25073230065405366
    }
}