{
    "Ar36": {
        "error": 0.0017253830210217768, 
        "fit": "linear", 
        "value": 0.014375304385910418
    }, 
    "Ar37": {
        "error": 0.13657446931547135, 
        "fit": "linear", 
        "value": 0.098029647508543094
    }, 
    "Ar38": {
        "error": 0.25229458480347494, 
        "fit": "linear", 
        "value": 0.25609405495135146
    }, 
    "Ar39": {
        "error": 0.082769818116279856, 
        "fit": "linear", 
        "value": 47.770215851387789
    }, 
    "Ar40": {
        "error": 0.69659014863052326, 
        "fit": "linear", 
        "value": 2083.2388380683847
    }, 
    "Ar41": {
        "error": 0.11698813155370634, 
        "fit": "average_SEM", 
        "value": -0.23004971574060618
    }
}