{
    "Ar36": {
        "error": 0.0020332098685125859, 
        "fit": "linear", 
        "value": 0.021068957295320566
    }, 
    "Ar37": {
        "error": 0.13159514791612822, 
        "fit": "linear", 
        "value": 0.12609448584687005
    }, 
    "Ar38": {
        "error": 0.25743297581977059, 
        "fit": "linear", 
        "value": 0.61937527717335272
    }, 
    "Ar39": {
        "error": 0.091418918880893735, 
        "fit": "linear", 
        "value": 53.751896825853891
    }, 
    "Ar40": {
        "error": 0.62819405876332057, 
        "fit": "linear", 
        "value": 2344.1896567555973
    }, 
    "Ar41": {
        "error": 0.12105314700908698, 
        "fit": "average_SEM", 
        "value": -0.23051436151377858
    }
}