{
    "Ar36": {
        "error": 0.0015752827069781756, 
        "fit": "linear", 
        "value": 0.013227562158151473
    }, 
    "Ar37": {
        "error": 0.12910224993235697, 
        "fit": "linear", 
        "value": 0.14831210907401721
    }, 
    "Ar38": {
        "error": 0.28096962582096974, 
        "fit": "linear", 
        "value": 0.58672137029918692
    }, 
    "Ar39": {
        "error": 0.095963467431197949, 
        "fit": "linear", 
        "value": 57.216608512931764
    }, 
    "Ar40": {
        "error": 0.68285526598188395, 
        "fit": "linear", 
        "value": 2500.8312826734236
    }, 
    "Ar41": {
        "error": 0.11963266034077581, 
        "fit": "average_SEM", 
        "value": -0.23047330044830838
    }
}