{
    "Ar36": {
        "error": 0.0016850964553497337, 
        "fit": "linear", 
        "value": 0.019081307496745505
    }, 
    "Ar37": {
        "error": 0.12533888370295565, 
        "fit": "linear", 
        "value": 0.12107124797800126
    }, 
    "Ar38": {
        "error": 0.21629764132999496, 
        "fit": "linear", 
        "value": 0.77665359939042811
    }, 
    "Ar39": {
        "error": 0.098677182255451398, 
        "fit": "linear", 
        "value": 63.533817693195516
    }, 
    "Ar40": {
        "error": 0.70158466146319576, 
        "fit": "linear", 
        "value": 2776.854197811268
    }, 
    "Ar41": {
        "error": 0.12796820756602389, 
        "fit": "average_SEM", 
        "value": -0.22978139152090685
    }
}