{
    "Ar36": {
        "error": 0.0019932233399463, 
        "fit": "linear", 
        "value": 0.018954559615020239
    }, 
    "Ar37": {
        "error": 0.13273382372588233, 
        "fit": "linear", 
        "value": 0.18557108307456399
    }, 
    "Ar38": {
        "error": 0.20002028080740641, 
        "fit": "linear", 
        "value": 0.51286677487022736
    }, 
    "Ar39": {
        "error": 0.10037183274852213, 
        "fit": "linear", 
        "value": 67.514986304340638
    }, 
    "Ar40": {
        "error": 0.80925678269845969, 
        "fit": "linear", 
        "value": 2949.7871118010926
    }, 
    "Ar41": {
        "error": 0.12341677827834602, 
        "fit": "average_SEM", 
        "value": -0.21773827751477559
    }
}