{
    "Ar36": {
        "error": 0.0015545006957769128, 
        "fit": "linear", 
        "value": 0.013238107764047685
    }, 
    "Ar37": {
        "error": 0.1393871998947403, 
        "fit": "linear", 
        "value": 0.11601566783782229
    }, 
    "Ar38": {
        "error": 0.2781890550013203, 
        "fit": "linear", 
        "value": 0.39070090350300285
    }, 
    "Ar39": {
        "error": 0.09164484712018825, 
        "fit": "linear", 
        "value": 50.641230916588675
    }, 
    "Ar40": {
        "error": 0.67217003320288393, 
        "fit": "linear", 
        "value": 2213.6114329682896
    }, 
    "Ar41": {
        "error": 0.12011578161597256, 
        "fit": "average_SEM", 
        "value": -0.23924092668729524
    }
}