{
    "Ar36": {
        "error": 0.0014744189840045668, 
        "fit": "linear", 
        "value": 0.01080928477933988
    }, 
    "Ar37": {
        "error": 0.14475851577970256, 
        "fit": "linear", 
        "value": 0.072077985736034134
    }, 
    "Ar38": {
        "error": 0.25381684035369351, 
        "fit": "linear", 
        "value": 0.24219040986201437
    }, 
    "Ar39": {
        "error": 0.082841809159162463, 
        "fit": "linear", 
        "value": 36.353330753128425
    }, 
    "Ar40": {
        "error": 0.53492499389895398, 
        "fit": "linear", 
        "value": 1591.1669159422443
    }, 
    "Ar41": {
        "error": 0.11440554405650177, 
        "fit": "average_SEM", 
        "value": -0.24787735863899191
    }
}