{
    "Ar36": {
        "error": 0.0016405891815757944, 
        "fit": "linear", 
        "value": 0.015610866320586673
    }, 
    "Ar37": {
        "error": 0.12953280393218014, 
        "fit": "linear", 
        "value": 0.086102002002385547
    }, 
    "Ar38": {
        "error": 0.22007563861504584, 
        "fit": "linear", 
        "value": 0.19492846520627555
    }, 
    "Ar39": {
        "error": 0.083818851190861896, 
        "fit": "linear", 
        "value": 35.545880708343404
    }, 
    "Ar40": {
        "error": 0.55710726727778259, 
        "fit": "linear", 
        "value": 1562.433290425528
    }, 
    "Ar41": {
        "error": 0.11971676700549055, 
        "fit": "average_SEM", 
        "value": -0.24027839349582791
    }
}