{
    "Ar36": {
        "error": 0.001472915798924931, 
        "fit": "linear", 
        "value": 0.011763401257903892
    }, 
    "Ar37": {
        "error": 0.14112319951639304, 
        "fit": "linear", 
        "value": 0.081972453068841766
    }, 
    "Ar38": {
        "error": 0.28403866272832734, 
        "fit": "linear", 
        "value": 0.35905751281615628
    }, 
    "Ar39": {
        "error": 0.076992189114459222, 
        "fit": "linear", 
        "value": 39.792540582354832
    }, 
    "Ar40": {
        "error": 0.55902941137724094, 
        "fit": "linear", 
        "value": 1746.6125484756749
    }, 
    "Ar41": {
        "error": 0.11954680985691768, 
        "fit": "average_SEM", 
        "value": -0.24556427823379637
    }
}