{
    "Ar36": {
        "error": 0.0016469706505677702, 
        "fit": "linear", 
        "value": 0.017998224528298669
    }, 
    "Ar37": {
        "error": 0.13484249503762261, 
        "fit": "linear", 
        "value": 0.11545329380063318
    }, 
    "Ar38": {
        "error": 0.26775708286940092, 
        "fit": "linear", 
        "value": 0.3741136612114857
    }, 
    "Ar39": {
        "error": 0.083336465789787664, 
        "fit": "linear", 
        "value": 40.431992556286602
    }, 
    "Ar40": {
        "error": 0.55253024071983048, 
        "fit": "linear", 
        "value": 1779.5606847864151
    }, 
    "Ar41": {
        "error": 0.1250132857710691, 
        "fit": "average_SEM", 
        "value": -0.24615168292696277
    }
}