{
    "Ar36": {
        "error": 0.0030793430813500951, 
        "fit": "linear", 
        "value": 0.047631405887899006
    }, 
    "Ar37": {
        "error": 0.14661990363130359, 
        "fit": "linear", 
        "value": 0.11610420365190691
    }, 
    "Ar38": {
        "error": 0.24862473246075584, 
        "fit": "linear", 
        "value": 0.31411795174189278
    }, 
    "Ar39": {
        "error": 0.086700863486587426, 
        "fit": "linear", 
        "value": 44.52122477590131
    }, 
    "Ar40": {
        "error": 0.60683561933745322, 
        "fit": "linear", 
        "value": 1968.9764574595506
    }, 
    "Ar41": {
        "error": 0.11766360178599607, 
        "fit": "average_SEM", 
        "value": -0.22985063538576167
    }
}