{
    "Ar36": {
        "error": 0.0017484669321252855, 
        "fit": "linear", 
        "value": 0.014502729868569087
    }, 
    "Ar37": {
        "error": 0.1356419285035062, 
        "fit": "linear", 
        "value": 0.037771579448346054
    }, 
    "Ar38": {
        "error": 0.24292747259692046, 
        "fit": "linear", 
        "value": 0.57362385821620243
    }, 
    "Ar39": {
        "error": 0.062485278217166706, 
        "fit": "linear", 
        "value": 32.763069507717958
    }, 
    "Ar40": {
        "error": 0.45759526060311267, 
        "fit": "linear", 
        "value": 1440.7967426592468
    }, 
    "Ar41": {
        "error": 0.11244385683290892, 
        "fit": "average_SEM", 
        "value": -0.26006344979008039
    }
}