{
    "Ar36": {
        "error": 0.0027317278550928123, 
        "fit": "linear", 
        "value": 0.051904324056041659
    }, 
    "Ar37": {
        "error": 0.13803107303362933, 
        "fit": "linear", 
        "value": 0.19812575900193416
    }, 
    "Ar38": {
        "error": 0.15721672089514649, 
        "fit": "linear", 
        "value": 0.77254609805944918
    }, 
    "Ar39": {
        "error": 0.10673083351729605, 
        "fit": "linear", 
        "value": 83.743183491652388
    }, 
    "Ar40": {
        "error": 0.88162232659794348, 
        "fit": "linear", 
        "value": 3681.1285185616462
    }, 
    "Ar41": {
        "error": 0.11913989955651118, 
        "fit": "average_SEM", 
        "value": -0.19507081664244955
    }
}