{
    "Ar36": {
        "error": 0.0023219327895444811, 
        "fit": "linear", 
        "value": 0.028017192963993166
    }, 
    "Ar37": {
        "error": 0.1429274415462565, 
        "fit": "linear", 
        "value": 0.063830724237771447
    }, 
    "Ar38": {
        "error": 0.28256031794026598, 
        "fit": "linear", 
        "value": 0.41408312925360685
    }, 
    "Ar39": {
        "error": 0.089436952506037587, 
        "fit": "linear", 
        "value": 49.196048460916202
    }, 
    "Ar40": {
        "error": 0.59307410905438029, 
        "fit": "linear", 
        "value": 2163.2546353786124
    }, 
    "Ar41": {
        "error": 0.12573297553562918, 
        "fit": "average_SEM", 
        "value": -0.24974841397255659
    }
}