{
    "Ar36": {
        "error": 0.0025399662447986009, 
        "fit": "linear", 
        "value": 0.029274575013099061
    }, 
    "Ar37": {
        "error": 0.13164952402318369, 
        "fit": "linear", 
        "value": 0.06907894626134406
    }, 
    "Ar38": {
        "error": 0.25290712583162733, 
        "fit": "linear", 
        "value": 0.17531494459047997
    }, 
    "Ar39": {
        "error": 0.08832069109671066, 
        "fit": "linear", 
        "value": 39.421034500811515
    }, 
    "Ar40": {
        "error": 0.59079866760255295, 
        "fit": "linear", 
        "value": 1732.8230999699533
    }, 
    "Ar41": {
        "error": 0.11352714911880266, 
        "fit": "average_SEM", 
        "value": -0.24255701927545792
    }
}