{
    "Ar36": {
        "error": 0.0028502670247179287, 
        "fit": "linear", 
        "value": 0.036511607064050156
    }, 
    "Ar37": {
        "error": 0.1318664071522648, 
        "fit": "linear", 
        "value": 0.14637504427447004
    }, 
    "Ar38": {
        "error": 0.18255806265947963, 
        "fit": "linear", 
        "value": 0.58253523571817256
    }, 
    "Ar39": {
        "error": 0.10657957123895298, 
        "fit": "linear", 
        "value": 79.857450859388038
    }, 
    "Ar40": {
        "error": 0.81052865262838714, 
        "fit": "linear", 
        "value": 3506.6538643286312
    }, 
    "Ar41": {
        "error": 0.12008286498900873, 
        "fit": "average_SEM", 
        "value": -0.20394589387928136
    }
}