{
    "Ar36": {
        "error": 0.0026183098215580422, 
        "fit": "linear", 
        "value": 0.045373217590772619
    }, 
    "Ar37": {
        "error": 0.14813184237781243, 
        "fit": "linear", 
        "value": 0.055539134061922013
    }, 
    "Ar38": {
        "error": 0.26621489026276335, 
        "fit": "linear", 
        "value": 0.36572783061392478
    }, 
    "Ar39": {
        "error": 0.080805547119884663, 
        "fit": "linear", 
        "value": 33.783339601676353
    }, 
    "Ar40": {
        "error": 0.45587904781666272, 
        "fit": "linear", 
        "value": 1486.2665370346513
    }, 
    "Ar41": {
        "error": 0.11907841736496286, 
        "fit": "average_SEM", 
        "value": -0.2660865279783805
    }
}