{
    "Ar36": {
        "error": 0.0028220792712933115, 
        "fit": "linear", 
        "value": 0.038754128417319955
    }, 
    "Ar37": {
        "error": 0.13838153551894755, 
        "fit": "linear", 
        "value": 0.064357345542611369
    }, 
    "Ar38": {
        "error": 0.24860518964934158, 
        "fit": "linear", 
        "value": 0.36943239723208277
    }, 
    "Ar39": {
        "error": 0.076426848448801987, 
        "fit": "linear", 
        "value": 30.744127249369676
    }, 
    "Ar40": {
        "error": 0.52374111181119798, 
        "fit": "linear", 
        "value": 1351.3455671329787
    }, 
    "Ar41": {
        "error": 0.12156530003333256, 
        "fit": "average_SEM", 
        "value": -0.25702637636102738
    }
}