{
    "Ar36": {
        "error": 0.0026057041768838304, 
        "fit": "linear", 
        "value": 0.041049348863848381
    }, 
    "Ar37": {
        "error": 0.14333457367524793, 
        "fit": "linear", 
        "value": 0.079654567552805006
    }, 
    "Ar38": {
        "error": 0.19975420205929065, 
        "fit": "linear", 
        "value": 0.59740429256342931
    }, 
    "Ar39": {
        "error": 0.089061071020224397, 
        "fit": "linear", 
        "value": 62.469946686188436
    }, 
    "Ar40": {
        "error": 0.69220464054137032, 
        "fit": "linear", 
        "value": 2734.0943058664557
    }, 
    "Ar41": {
        "error": 0.1222948160268973, 
        "fit": "average_SEM", 
        "value": -0.23382340294774623
    }
}