{
    "Ar36": {
        "error": 0.0022178275648488993, 
        "fit": "linear", 
        "value": 0.029845194131038196
    }, 
    "Ar37": {
        "error": 0.14283960465644091, 
        "fit": "linear", 
        "value": 0.072438780720467333
    }, 
    "Ar38": {
        "error": 0.28864930431803942, 
        "fit": "linear", 
        "value": 0.48550296152165279
    }, 
    "Ar39": {
        "error": 0.085966748203742629, 
        "fit": "linear", 
        "value": 49.802799080957612
    }, 
    "Ar40": {
        "error": 0.54772404260584107, 
        "fit": "linear", 
        "value": 2180.8620924820725
    }, 
    "Ar41": {
        "error": 0.11733849722543503, 
        "fit": "average_SEM", 
        "value": -0.2385852118084828
    }
}