{
    "Ar36": {
        "error": 0.0024348155853096431, 
        "fit": "linear", 
        "value": 0.033915950318053979
    }, 
    "Ar37": {
        "error": 0.13397522206045376, 
        "fit": "linear", 
        "value": 0.051669504428624259
    }, 
    "Ar38": {
        "error": 0.26497689592076756, 
        "fit": "linear", 
        "value": 0.36175537546780118
    }, 
    "Ar39": {
        "error": 0.072601031003261193, 
        "fit": "linear", 
        "value": 32.876001508182227
    }, 
    "Ar40": {
        "error": 0.51256695266886032, 
        "fit": "linear", 
        "value": 1442.8388098237115
    }, 
    "Ar41": {
        "error": 0.13541954802371614, 
        "fit": "average_SEM", 
        "value": -0.25493931251888474
    }
}