{
    "Ar36": {
        "error": 0.0020435609889500389, 
        "fit": "linear", 
        "value": 0.025516357712095566
    }, 
    "Ar37": {
        "error": 0.14998250174936933, 
        "fit": "linear", 
        "value": 0.07735628111621376
    }, 
    "Ar38": {
        "error": 0.27077391774492648, 
        "fit": "linear", 
        "value": 0.58435231237078189
    }, 
    "Ar39": {
        "error": 0.087605469880719739, 
        "fit": "linear", 
        "value": 54.13160040555956
    }, 
    "Ar40": {
        "error": 0.67270174221256296, 
        "fit": "linear", 
        "value": 2364.5941404173604
    }, 
    "Ar41": {
        "error": 0.11373467775059155, 
        "fit": "average_SEM", 
        "value": 0.25393051913189185
    }
}