{
    "Ar36": {
        "error": 0.0023043492877213531, 
        "fit": "linear", 
        "value": 0.02966279939938949
    }, 
    "Ar37": {
        "error": 0.14968310536433796, 
        "fit": "linear", 
        "value": 0.12317418523233335
    }, 
    "Ar38": {
        "error": 0.25470673847555148, 
        "fit": "linear", 
        "value": 0.5882829810887622
    }, 
    "Ar39": {
        "error": 0.092662584673418938, 
        "fit": "linear", 
        "value": 58.965753227528381
    }, 
    "Ar40": {
        "error": 0.69993637461424418, 
        "fit": "linear", 
        "value": 2577.4394270921948
    }, 
    "Ar41": {
        "error": 0.12945154147916768, 
        "fit": "average_SEM", 
        "value": 0.27904727534235768
    }
}