{
    "Ar36": {
        "error": 0.0018052441188398422, 
        "fit": "linear", 
        "value": 0.019658954295421388
    }, 
    "Ar37": {
        "error": 0.14243208097212884, 
        "fit": "linear", 
        "value": -0.050106085672840035
    }, 
    "Ar38": {
        "error": 0.23328890879034647, 
        "fit": "linear", 
        "value": 0.12864048650640264
    }, 
    "Ar39": {
        "error": 0.074695949231719627, 
        "fit": "linear", 
        "value": 17.881770613815981
    }, 
    "Ar40": {
        "error": 0.35345597143274055, 
        "fit": "linear", 
        "value": 785.88382892699792
    }, 
    "Ar41": {
        "error": 0.12893158005723782, 
        "fit": "average_SEM", 
        "value": 0.20173232725420448
    }
}