{
    "Ar36": {
        "error": 0.0021167985676272807, 
        "fit": "linear", 
        "value": 0.027435799203197567
    }, 
    "Ar37": {
        "error": 0.13169556524354051, 
        "fit": "linear", 
        "value": 0.02963363593126989
    }, 
    "Ar38": {
        "error": 0.26341166850819386, 
        "fit": "linear", 
        "value": 0.42238113733072197
    }, 
    "Ar39": {
        "error": 0.078206977007897555, 
        "fit": "linear", 
        "value": 42.87947945419684
    }, 
    "Ar40": {
        "error": 0.6109771066574089, 
        "fit": "linear", 
        "value": 1876.5403434297359
    }, 
    "Ar41": {
        "error": 0.11532221220564458, 
        "fit": "average_SEM", 
        "value": 0.2459122806690478
    }
}