{
    "Ar36": {
        "error": 0.0017134090006232928, 
        "fit": "linear", 
        "value": 0.019415452662907933
    }, 
    "Ar37": {
        "error": 0.1342915348777951, 
        "fit": "linear", 
        "value": -0.083136518581701888
    }, 
    "Ar38": {
        "error": 0.22512980775304475, 
        "fit": "linear", 
        "value": -0.0055289397050221172
    }, 
    "Ar39": {
        "error": 0.062382537984255679, 
        "fit": "linear", 
        "value": 8.2592240053577317
    }, 
    "Ar40": {
        "error": 0.27633285705265204, 
        "fit": "linear", 
        "value": 366.43513913558104
    }, 
    "Ar41": {
        "error": 0.11355581141171293, 
        "fit": "average_SEM", 
        "value": 0.19279966170983648
    }
}