{
    "Ar36": {
        "error": 0.0022764127510492213, 
        "fit": "linear", 
        "value": 0.027208204072365728
    }, 
    "Ar37": {
        "error": 0.13616469227107941, 
        "fit": "linear", 
        "value": -0.11581849597040753
    }, 
    "Ar38": {
        "error": 0.21718620189436083, 
        "fit": "linear", 
        "value": 0.095911335723906435
    }, 
    "Ar39": {
        "error": 0.069375634373516168, 
        "fit": "linear", 
        "value": 16.311114316985517
    }, 
    "Ar40": {
        "error": 0.37345021999325356, 
        "fit": "linear", 
        "value": 719.1674403373695
    }, 
    "Ar41": {
        "error": 0.11589004049834574, 
        "fit": "average_SEM", 
        "value": 0.19842626342110128
    }
}