{
    "Ar36": {
        "error": 0.0025065293572626313, 
        "fit": "linear", 
        "value": 0.032112099608935581
    }, 
    "Ar37": {
        "error": 0.14658509424054386, 
        "fit": "linear", 
        "value": 0.14499877019153698
    }, 
    "Ar38": {
        "error": 0.25062610273597363, 
        "fit": "linear", 
        "value": 0.71265970573450799
    }, 
    "Ar39": {
        "error": 0.088804717928528815, 
        "fit": "linear", 
        "value": 72.673827287838591
    }, 
    "Ar40": {
        "error": 0.79990781242042397, 
        "fit": "linear", 
        "value": 3181.1872210530237
    }, 
    "Ar41": {
        "error": 0.12189297485554622, 
        "fit": "average_SEM", 
        "value": 0.2787191858618624
    }
}