{
    "Ar36": {
        "error": 0.0030871984549473322, 
        "fit": "linear", 
        "value": 0.054106967980880799
    }, 
    "Ar37": {
        "error": 0.14595939152708839, 
        "fit": "linear", 
        "value": 0.053317007360468086
    }, 
    "Ar38": {
        "error": 0.25621773645558971, 
        "fit": "linear", 
        "value": 0.33219875430910395
    }, 
    "Ar39": {
        "error": 0.087161904127614195, 
        "fit": "linear", 
        "value": 35.719457542602299
    }, 
    "Ar40": {
        "error": 0.55687806078038493, 
        "fit": "linear", 
        "value": 1575.7565545237248
    }, 
    "Ar41": {
        "error": 0.13142996006563729, 
        "fit": "average_SEM", 
        "value": 0.23173301327559684
    }
}