{
    "Ar36": {
        "error": 0.0023767505309223369, 
        "fit": "linear", 
        "value": 0.029003669590948598
    }, 
    "Ar37": {
        "error": 0.14603579883099313, 
        "fit": "linear", 
        "value": -0.10602012992970944
    }, 
    "Ar38": {
        "error": 0.21740904836370001, 
        "fit": "linear", 
        "value": 0.083255781734818513
    }, 
    "Ar39": {
        "error": 0.06408136250464587, 
        "fit": "linear", 
        "value": 13.995758565957875
    }, 
    "Ar40": {
        "error": 0.33258176539894463, 
        "fit": "linear", 
        "value": 619.00928053320195
    }, 
    "Ar41": {
        "error": 0.12495725984701794, 
        "fit": "average_SEM", 
        "value": 0.17816868063528091
    }
}