{
    "Ar36": {
        "error": 0.0023102163321707895, 
        "fit": "linear", 
        "value": 0.031475692032688296
    }, 
    "Ar37": {
        "error": 0.13218658625573992, 
        "fit": "linear", 
        "value": 0.051899923790922814
    }, 
    "Ar38": {
        "error": 0.25817467366275632, 
        "fit": "linear", 
        "value": 0.56388825956639699
    }, 
    "Ar39": {
        "error": 0.088338188768090214, 
        "fit": "linear", 
        "value": 60.490441416413873
    }, 
    "Ar40": {
        "error": 0.68942876288962862, 
        "fit": "linear", 
        "value": 2659.1154539027953
    }, 
    "Ar41": {
        "error": 0.12131854502231841, 
        "fit": "average_SEM", 
        "value": 0.2604003782636331
    }
}