{
    "Ar36": {
        "error": 0.00224934200968186, 
        "fit": "linear", 
        "value": 0.025277526896032691
    }, 
    "Ar37": {
        "error": 0.12805114045686955, 
        "fit": "linear", 
        "value": -0.084303092645404726
    }, 
    "Ar38": {
        "error": 0.1971496900858532, 
        "fit": "linear", 
        "value": 0.063776295197813776
    }, 
    "Ar39": {
        "error": 0.076661142855832115, 
        "fit": "linear", 
        "value": 18.198304173370815
    }, 
    "Ar40": {
        "error": 0.35593653794634761, 
        "fit": "linear", 
        "value": 803.67147957181737
    }, 
    "Ar41": {
        "error": 0.12445045753312697, 
        "fit": "average_SEM", 
        "value": 0.18658443646272643
    }
}