{
    "Ar36": {
        "error": 0.0031407312125489298, 
        "fit": "linear", 
        "value": 0.059583058404188143
    }, 
    "Ar37": {
        "error": 0.14401034504960952, 
        "fit": "linear", 
        "value": 0.056677943399253153
    }, 
    "Ar38": {
        "error": 0.24723103904261742, 
        "fit": "linear", 
        "value": 0.46171973255216614
    }, 
    "Ar39": {
        "error": 0.083093018775293556, 
        "fit": "linear", 
        "value": 52.15033727843273
    }, 
    "Ar40": {
        "error": 0.7334338547278858, 
        "fit": "linear", 
        "value": 2299.5525831611594
    }, 
    "Ar41": {
        "error": 0.12079163803509921, 
        "fit": "average_SEM", 
        "value": 0.24359059730648167
    }
}