{
    "Ar36": {
        "error": 0.0023430030421595738, 
        "fit": "linear", 
        "value": 0.03626274879505384
    }, 
    "Ar37": {
        "error": 0.13141985660318095, 
        "fit": "linear", 
        "value": 0.0066873030022630581
    }, 
    "Ar38": {
        "error": 0.25443408741157031, 
        "fit": "linear", 
        "value": 0.46690572765582394
    }, 
    "Ar39": {
        "error": 0.089775413513926067, 
        "fit": "linear", 
        "value": 51.821248486614735
    }, 
    "Ar40": {
        "error": 0.70628006118912112, 
        "fit": "linear", 
        "value": 2282.9596141707625
    }, 
    "Ar41": {
        "error": 0.12664144567960012, 
        "fit": "average_SEM", 
        "value": 0.23917541319873029
    }
}