{
    "Ar36": {
        "error": 0.0022828685998520538, 
        "fit": "linear", 
        "value": 0.030025426925866454
    }, 
    "Ar37": {
        "error": 0.13445256481429327, 
        "fit": "linear", 
        "value": -0.019175434567950789
    }, 
    "Ar38": {
        "error": 0.24041506906161172, 
        "fit": "linear", 
        "value": 0.28961576025043456
    }, 
    "Ar39": {
        "error": 0.078408498200332646, 
        "fit": "linear", 
        "value": 34.705830855592282
    }, 
    "Ar40": {
        "error": 0.54087657914004561, 
        "fit": "linear", 
        "value": 1531.9469690518183
    }, 
    "Ar41": {
        "error": 0.12483827354193811, 
        "fit": "average_SEM", 
        "value": 0.21584342865486786
    }
}