{
    "Ar36": {
        "error": 0.0028643042971231835, 
        "fit": "linear", 
        "value": 0.04911148424762328
    }, 
    "Ar37": {
        "error": 0.13408093790604747, 
        "fit": "linear", 
        "value": 0.21037672587940653
    }, 
    "Ar38": {
        "error": 0.27232435771513075, 
        "fit": "linear", 
        "value": 0.41431275954748892
    }, 
    "Ar39": {
        "error": 0.079523706185512091, 
        "fit": "linear", 
        "value": 47.459651737408365
    }, 
    "Ar40": {
        "error": 0.56715257969420163, 
        "fit": "linear", 
        "value": 2095.3072681333138
    }, 
    "Ar41": {
        "error": 0.12154088074813156, 
        "fit": "average_SEM", 
        "value": 0.2416249722449316
    }
}