{
    "Ar36": {
        "error": 0.0029432666981386631, 
        "fit": "linear", 
        "value": 0.040348494272432811
    }, 
    "Ar37": {
        "error": 0.14932761271204445, 
        "fit": "linear", 
        "value": 0.13937313323735215
    }, 
    "Ar38": {
        "error": 0.22094400538737788, 
        "fit": "linear", 
        "value": 0.91855433683809973
    }, 
    "Ar39": {
        "error": 0.10395506073016621, 
        "fit": "linear", 
        "value": 88.90899995078712
    }, 
    "Ar40": {
        "error": 0.97386303334374369, 
        "fit": "linear", 
        "value": 3910.3520890812247
    }, 
    "Ar41": {
        "error": 0.10899295889269058, 
        "fit": "average_SEM", 
        "value": 0.016595072676298311
    }
}