{
    "Ar36": {
        "error": 0.0022832534435863103, 
        "fit": "linear", 
        "value": 0.029323950249375876
    }, 
    "Ar37": {
        "error": 0.14408736595927449, 
        "fit": "linear", 
        "value": -0.00019572184570203904
    }, 
    "Ar38": {
        "error": 0.25195007480098131, 
        "fit": "linear", 
        "value": 0.28876394390369431
    }, 
    "Ar39": {
        "error": 0.084536313985433237, 
        "fit": "linear", 
        "value": 39.670897361405665
    }, 
    "Ar40": {
        "error": 0.55762760674730394, 
        "fit": "linear", 
        "value": 1747.6413592242775
    }, 
    "Ar41": {
        "error": 0.12427182562542255, 
        "fit": "average_SEM", 
        "value": 0.21880133873524352
    }
}