{
    "Ar36": {
        "error": 0.0019870250574404048, 
        "fit": "linear", 
        "value": 0.024501219349412691
    }, 
    "Ar37": {
        "error": 0.12807676887648622, 
        "fit": "linear", 
        "value": -0.074906820531297547
    }, 
    "Ar38": {
        "error": 0.23088776824452792, 
        "fit": "linear", 
        "value": 0.21398103313548208
    }, 
    "Ar39": {
        "error": 0.075681700192597359, 
        "fit": "linear", 
        "value": 30.540824829460838
    }, 
    "Ar40": {
        "error": 0.49890587870387615, 
        "fit": "linear", 
        "value": 1346.7895570661785
    }, 
    "Ar41": {
        "error": 0.12176092690555128, 
        "fit": "average_SEM", 
        "value": -0.085458106125265151
    }
}