{
    "Ar36": {
        "error": 0.0021515312550619121, 
        "fit": "linear", 
        "value": 0.031980850121492488
    }, 
    "Ar37": {
        "error": 0.14128986205077104, 
        "fit": "linear", 
        "value": -0.076031103329786104
    }, 
    "Ar38": {
        "error": 0.20352409523214937, 
        "fit": "linear", 
        "value": 0.14292753719231305
    }, 
    "Ar39": {
        "error": 0.066191138345616504, 
        "fit": "linear", 
        "value": 22.710019889661066
    }, 
    "Ar40": {
        "error": 0.41809808618508443, 
        "fit": "linear", 
        "value": 1006.2277511425073
    }, 
    "Ar41": {
        "error": 0.12562261999757149, 
        "fit": "average_SEM", 
        "value": -0.085635591095908445
    }
}