{
    "Ar36": {
        "error": 0.0020698862796095494, 
        "fit": "linear", 
        "value": 0.024007021023565459
    }, 
    "Ar37": {
        "error": 0.1338473416760429, 
        "fit": "linear", 
        "value": -0.1184151275466751
    }, 
    "Ar38": {
        "error": 0.20519679594702911, 
        "fit": "linear", 
        "value": 0.019709723858354029
    }, 
    "Ar39": {
        "error": 0.070012647813981616, 
        "fit": "linear", 
        "value": 13.446682128485538
    }, 
    "Ar40": {
        "error": 0.31701450677506238, 
        "fit": "linear", 
        "value": 596.62523265260313
    }, 
    "Ar41": {
        "error": 0.12193438566266124, 
        "fit": "average_SEM", 
        "value": -0.099408216056569174
    }
}