{
    "Ar36": {
        "error": 0.0019951135392778339, 
        "fit": "linear", 
        "value": 0.021795963947143646
    }, 
    "Ar37": {
        "error": 0.13269914514714615, 
        "fit": "linear", 
        "value": 0.078547855153748652
    }, 
    "Ar38": {
        "error": 0.27589124692830808, 
        "fit": "linear", 
        "value": 0.46912554177409171
    }, 
    "Ar39": {
        "error": 0.092422442479892536, 
        "fit": "linear", 
        "value": 51.17623639648064
    }, 
    "Ar40": {
        "error": 0.67953407386705245, 
        "fit": "linear", 
        "value": 2243.4428560180791
    }, 
    "Ar41": {
        "error": 0.11728389562179928, 
        "fit": "average_SEM", 
        "value": -0.040215349209675982
    }
}