{
    "Ar36": {
        "error": 0.0023534109456879279, 
        "fit": "linear", 
        "value": 0.029957445062061376
    }, 
    "Ar37": {
        "error": 0.1348746693754117, 
        "fit": "linear", 
        "value": 0.057671050690813914
    }, 
    "Ar38": {
        "error": 0.26950942004272865, 
        "fit": "linear", 
        "value": 0.44594485998677436
    }, 
    "Ar39": {
        "error": 0.083848979445315483, 
        "fit": "linear", 
        "value": 50.666611019935303
    }, 
    "Ar40": {
        "error": 0.57681341768954653, 
        "fit": "linear", 
        "value": 2227.9594258248617
    }, 
    "Ar41": {
        "error": 0.12971140646392887, 
        "fit": "average_SEM", 
        "value": -0.03881937407487486
    }
}