{
    "Ar36": {
        "error": 0.0028342192106183108, 
        "fit": "linear", 
        "value": 0.047166481327144294
    }, 
    "Ar37": {
        "error": 0.1396922633663096, 
        "fit": "linear", 
        "value": 0.010918936386922675
    }, 
    "Ar38": {
        "error": 0.24212746590438736, 
        "fit": "linear", 
        "value": 0.36046535430967341
    }, 
    "Ar39": {
        "error": 0.082437403588791036, 
        "fit": "linear", 
        "value": 40.123663376701764
    }, 
    "Ar40": {
        "error": 0.62479452734642371, 
        "fit": "linear", 
        "value": 1770.4693752995645
    }, 
    "Ar41": {
        "error": 0.12299963797413115, 
        "fit": "average_SEM", 
        "value": -0.055563398877469201
    }
}