{
    "Ar36": {
        "error": 0.0019407996301015198, 
        "fit": "linear", 
        "value": 0.021742270238122884
    }, 
    "Ar37": {
        "error": 0.14787435412123143, 
        "fit": "linear", 
        "value": 0.019101626623467882
    }, 
    "Ar38": {
        "error": 0.25902028158629731, 
        "fit": "linear", 
        "value": 0.37291608241080976
    }, 
    "Ar39": {
        "error": 0.07939968200783272, 
        "fit": "linear", 
        "value": 42.387168687115121
    }, 
    "Ar40": {
        "error": 0.51518797613233436, 
        "fit": "linear", 
        "value": 1857.1630910626161
    }, 
    "Ar41": {
        "error": 0.12109138985703148, 
        "fit": "average_SEM", 
        "value": -0.039121879236255257
    }
}