{
    "Ar36": {
        "error": 0.0025470948767269035, 
        "fit": "linear", 
        "value": 0.034508002317152661
    }, 
    "Ar37": {
        "error": 0.13836863891052675, 
        "fit": "linear", 
        "value": 0.079684867396410744
    }, 
    "Ar38": {
        "error": 0.24878942859233558, 
        "fit": "linear", 
        "value": 0.61105588775084396
    }, 
    "Ar39": {
        "error": 0.10123388544093229, 
        "fit": "linear", 
        "value": 66.79153331440034
    }, 
    "Ar40": {
        "error": 0.76986988762705311, 
        "fit": "linear", 
        "value": 2927.5537881816417
    }, 
    "Ar41": {
        "error": 0.12713042212750766, 
        "fit": "average_SEM", 
        "value": -0.0086199993254720345
    }
}