{
    "Ar36": {
        "error": 0.0020933943519175014, 
        "fit": "linear", 
        "value": 0.02233052146937195
    }, 
    "Ar37": {
        "error": 0.14066478764689266, 
        "fit": "linear", 
        "value": 0.046254447012388497
    }, 
    "Ar38": {
        "error": 0.27309527284484914, 
        "fit": "linear", 
        "value": 0.61824886599062934
    }, 
    "Ar39": {
        "error": 0.090336073249070795, 
        "fit": "linear", 
        "value": 66.8335170048571
    }, 
    "Ar40": {
        "error": 0.74042593221849506, 
        "fit": "linear", 
        "value": 2919.2863701286024
    }, 
    "Ar41": {
        "error": 0.11814492246809455, 
        "fit": "average_SEM", 
        "value": -0.011309154964854113
    }
}