{
    "Ar36": {
        "error": 0.0020620457250964163, 
        "fit": "linear", 
        "value": 0.024201837127284381
    }, 
    "Ar37": {
        "error": 0.14530424033525283, 
        "fit": "linear", 
        "value": -0.055507538875967662
    }, 
    "Ar38": {
        "error": 0.21929198391879776, 
        "fit": "linear", 
        "value": 0.19159344865922101
    }, 
    "Ar39": {
        "error": 0.073995806230007052, 
        "fit": "linear", 
        "value": 22.294648772634254
    }, 
    "Ar40": {
        "error": 0.3958511803895069, 
        "fit": "linear", 
        "value": 978.28642980373729
    }, 
    "Ar41": {
        "error": 0.11340539159905716, 
        "fit": "average_SEM", 
        "value": -0.072071112455644959
    }
}