{
    "Ar36": {
        "error": 0.0019526776510763763, 
        "fit": "linear", 
        "value": 0.021147490849265572
    }, 
    "Ar37": {
        "error": 0.14002926512823893, 
        "fit": "linear", 
        "value": -0.027337257771802112
    }, 
    "Ar38": {
        "error": 0.26549697702758451, 
        "fit": "linear", 
        "value": 0.34067701831047204
    }, 
    "Ar39": {
        "error": 0.072625462458380474, 
        "fit": "linear", 
        "value": 37.063137861720676
    }, 
    "Ar40": {
        "error": 0.58854700109175739, 
        "fit": "linear", 
        "value": 1620.3246251335904
    }, 
    "Ar41": {
        "error": 0.11990559032572023, 
        "fit": "average_SEM", 
        "value": -0.046162320842914696
    }
}