{
    "Ar36": {
        "error": 0.0022052826833759459, 
        "fit": "linear", 
        "value": 0.027494665931544038
    }, 
    "Ar37": {
        "error": 0.14903355067838414, 
        "fit": "linear", 
        "value": -0.03264385248845493
    }, 
    "Ar38": {
        "error": 0.26126631296010233, 
        "fit": "linear", 
        "value": 0.39045947090180622
    }, 
    "Ar39": {
        "error": 0.081858643044812315, 
        "fit": "linear", 
        "value": 44.761800372795236
    }, 
    "Ar40": {
        "error": 0.60044052297519712, 
        "fit": "linear", 
        "value": 1954.9874807845281
    }, 
    "Ar41": {
        "error": 0.11633780792245607, 
        "fit": "average_SEM", 
        "value": -0.040206567185749817
    }
}