{
    "Ar36": {
        "error": 0.0020566060171256146, 
        "fit": "linear", 
        "value": 0.019970611543892756
    }, 
    "Ar37": {
        "error": 0.13829584896990585, 
        "fit": "linear", 
        "value": -0.13548551338562748
    }, 
    "Ar38": {
        "error": 0.20128806608683028, 
        "fit": "linear", 
        "value": 0.025964692206832712
    }, 
    "Ar39": {
        "error": 0.064673016275813761, 
        "fit": "linear", 
        "value": 11.858163053565253
    }, 
    "Ar40": {
        "error": 0.27833720197724604, 
        "fit": "linear", 
        "value": 522.92171332710268
    }, 
    "Ar41": {
        "error": 0.12927934557816431, 
        "fit": "average_SEM", 
        "value": -0.083165009190431904
    }
}