{
    "Ar36": {
        "error": 0.0020313153731745821, 
        "fit": "linear", 
        "value": 0.02242914744038179
    }, 
    "Ar37": {
        "error": 0.13163745123184484, 
        "fit": "linear", 
        "value": -0.02788784424550781
    }, 
    "Ar38": {
        "error": 0.25245237669986459, 
        "fit": "linear", 
        "value": 0.1948712297922886
    }, 
    "Ar39": {
        "error": 0.072082538954295491, 
        "fit": "linear", 
        "value": 21.879285133588034
    }, 
    "Ar40": {
        "error": 0.40795170206920578, 
        "fit": "linear", 
        "value": 962.00667111235339
    }, 
    "Ar41": {
        "error": 0.12026249541900445, 
        "fit": "average_SEM", 
        "value": -0.062783873962083209
    }
}