{
    "Ar36": {
        "error": 0.0019366103290114221, 
        "fit": "linear", 
        "value": 0.020258213112792398
    }, 
    "Ar37": {
        "error": 0.14263413983504786, 
        "fit": "linear", 
        "value": -0.044149280008899068
    }, 
    "Ar38": {
        "error": 0.2145243008484147, 
        "fit": "linear", 
        "value": 0.11970751423855076
    }, 
    "Ar39": {
        "error": 0.070125625562541219, 
        "fit": "linear", 
        "value": 21.606171892319008
    }, 
    "Ar40": {
        "error": 0.45062463745597747, 
        "fit": "linear", 
        "value": 948.43263033539506
    }, 
    "Ar41": {
        "error": 0.11357431795614142, 
        "fit": "average_SEM", 
        "value": -0.049810507967938775
    }
}