{
    "Ar36": {
        "error": 0.0019269861411033364, 
        "fit": "linear", 
        "value": 0.017984778335005273
    }, 
    "Ar37": {
        "error": 0.14556893963276701, 
        "fit": "linear", 
        "value": 0.025147170923850631
    }, 
    "Ar38": {
        "error": 0.27517069094154201, 
        "fit": "linear", 
        "value": 0.3554754969641597
    }, 
    "Ar39": {
        "error": 0.076764256221596328, 
        "fit": "linear", 
        "value": 39.581437978890037
    }, 
    "Ar40": {
        "error": 0.50777261613858071, 
        "fit": "linear", 
        "value": 1725.7110304508201
    }, 
    "Ar41": {
        "error": 0.12320757969438044, 
        "fit": "average_SEM", 
        "value": -0.039656470291083677
    }
}