{
    "Ar36": {
        "error": 0.0017662300749534581, 
        "fit": "linear", 
        "value": 0.018368863230553548
    }, 
    "Ar37": {
        "error": 0.13233500703339182, 
        "fit": "linear", 
        "value": 0.074174591187833497
    }, 
    "Ar38": {
        "error": 0.27389845720673256, 
        "fit": "linear", 
        "value": 0.42040687843515262
    }, 
    "Ar39": {
        "error": 0.079849704988721584, 
        "fit": "linear", 
        "value": 43.56430264723592
    }, 
    "Ar40": {
        "error": 0.57152382918896527, 
        "fit": "linear", 
        "value": 1904.0084159690427
    }, 
    "Ar41": {
        "error": 0.13271527568233124, 
        "fit": "average_SEM", 
        "value": -0.035348148520117521
    }
}