{
    "Ar36": {
        "error": 0.0017339850667789378, 
        "fit": "linear", 
        "value": 0.016700227519325209
    }, 
    "Ar37": {
        "error": 0.13330081869390931, 
        "fit": "linear", 
        "value": 0.047692517509561098
    }, 
    "Ar38": {
        "error": 0.26614868516195062, 
        "fit": "linear", 
        "value": 0.37403694552374422
    }, 
    "Ar39": {
        "error": 0.075273011146621535, 
        "fit": "linear", 
        "value": 38.286508454876937
    }, 
    "Ar40": {
        "error": 0.58267111607565991, 
        "fit": "linear", 
        "value": 1675.1606860020579
    }, 
    "Ar41": {
        "error": 0.12926466049506691, 
        "fit": "average_SEM", 
        "value": 0.22508389886158209
    }
}