{
    "Ar36": {
        "error": 0.0016858806732840475, 
        "fit": "linear", 
        "value": 0.01518489463697385
    }, 
    "Ar37": {
        "error": 0.13141825774221574, 
        "fit": "linear", 
        "value": -0.03827438032939761
    }, 
    "Ar38": {
        "error": 0.27113590358867695, 
        "fit": "linear", 
        "value": 0.35324632019761987
    }, 
    "Ar39": {
        "error": 0.069586095606200243, 
        "fit": "linear", 
        "value": 38.445156907490023
    }, 
    "Ar40": {
        "error": 0.59134311351522262, 
        "fit": "linear", 
        "value": 1681.5387242119718
    }, 
    "Ar41": {
        "error": 0.11867643429104391, 
        "fit": "average_SEM", 
        "value": 0.24082564156399006
    }
}