{
    "Ar36": {
        "error": 0.0028027515977768936, 
        "fit": "linear", 
        "value": 0.041487746769882115
    }, 
    "Ar37": {
        "error": 0.14070968126952485, 
        "fit": "linear", 
        "value": 0.019410102273177878
    }, 
    "Ar38": {
        "error": 0.24717548078127108, 
        "fit": "linear", 
        "value": 0.28338441756462485
    }, 
    "Ar39": {
        "error": 0.077749785927731629, 
        "fit": "linear", 
        "value": 31.820904121236325
    }, 
    "Ar40": {
        "error": 0.50582914142026791, 
        "fit": "linear", 
        "value": 1399.7786676782193
    }, 
    "Ar41": {
        "error": 0.12729315563928581, 
        "fit": "average_SEM", 
        "value": -0.044073950408104183
    }
}