{
    "Ar36": {
        "error": 0.0019930066909562534, 
        "fit": "linear", 
        "value": 0.021705795180509625
    }, 
    "Ar37": {
        "error": 0.14725027422416723, 
        "fit": "linear", 
        "value": 0.063963812464877201
    }, 
    "Ar38": {
        "error": 0.29408749244750221, 
        "fit": "linear", 
        "value": 0.53665468296966412
    }, 
    "Ar39": {
        "error": 0.089792277464131362, 
        "fit": "linear", 
        "value": 53.433598570749368
    }, 
    "Ar40": {
        "error": 0.69495180411338486, 
        "fit": "linear", 
        "value": 2343.5105910874181
    }, 
    "Ar41": {
        "error": 0.11922494894833595, 
        "fit": "average_SEM", 
        "value": -0.013904015339964342
    }
}