{
    "Ar36": {
        "error": 0.0016224364537295358, 
        "fit": "linear", 
        "value": 0.015623941438004269
    }, 
    "Ar37": {
        "error": 0.13004154170929719, 
        "fit": "linear", 
        "value": 0.056484224321260448
    }, 
    "Ar38": {
        "error": 0.29332478013640106, 
        "fit": "linear", 
        "value": 0.38939228611065929
    }, 
    "Ar39": {
        "error": 0.08750578142373755, 
        "fit": "linear", 
        "value": 45.121068575722035
    }, 
    "Ar40": {
        "error": 0.57632577038856925, 
        "fit": "linear", 
        "value": 1981.4171924606571
    }, 
    "Ar41": {
        "error": 0.13100068547940777, 
        "fit": "average_SEM", 
        "value": -0.027864389665774071
    }
}