{
    "Ar36": {
        "error": 0.001796679384859848, 
        "fit": "linear", 
        "value": 0.014556716062936915
    }, 
    "Ar37": {
        "error": 0.13755358494045991, 
        "fit": "linear", 
        "value": 0.087309868565367363
    }, 
    "Ar38": {
        "error": 0.28833878526787793, 
        "fit": "linear", 
        "value": 0.49771524673349815
    }, 
    "Ar39": {
        "error": 0.083244387224589114, 
        "fit": "linear", 
        "value": 55.139739937970219
    }, 
    "Ar40": {
        "error": 0.68696982634501325, 
        "fit": "linear", 
        "value": 2416.9526702159019
    }, 
    "Ar41": {
        "error": 0.11871134529082765, 
        "fit": "average_SEM", 
        "value": -0.018296596625198922
    }
}