{
    "Ar36": {
        "error": 0.0020912830124099925, 
        "fit": "linear", 
        "value": 0.021077647971568879
    }, 
    "Ar37": {
        "error": 0.15717787637841665, 
        "fit": "linear", 
        "value": 0.22292714451822365
    }, 
    "Ar38": {
        "error": 0.24726336742023206, 
        "fit": "linear", 
        "value": 0.8985133297515111
    }, 
    "Ar39": {
        "error": 0.10606547543432762, 
        "fit": "linear", 
        "value": 87.027441143633823
    }, 
    "Ar40": {
        "error": 0.96464431632659886, 
        "fit": "linear", 
        "value": 3816.2946486420328
    }, 
    "Ar41": {
        "error": 0.12991577483162672, 
        "fit": "average_SEM", 
        "value": 0.037992407268433857
    }
}