{
    "Ar36": {
        "error": 0.0025254261522882292, 
        "fit": "linear", 
        "value": 0.036317339644259171
    }, 
    "Ar37": {
        "error": 0.14409307017368056, 
        "fit": "linear", 
        "value": 0.23978365337972801
    }, 
    "Ar38": {
        "error": 0.25890544397314363, 
        "fit": "linear", 
        "value": 0.28934025840111888
    }, 
    "Ar39": {
        "error": 0.067208249400273604, 
        "fit": "linear", 
        "value": 32.952025769248905
    }, 
    "Ar40": {
        "error": 0.48364026638824353, 
        "fit": "linear", 
        "value": 1453.3905956013175
    }, 
    "Ar41": {
        "error": 0.11584671424572626, 
        "fit": "average_SEM", 
        "value": -0.041543642603573974
    }
}