{
    "Ar36": {
        "error": 0.0016352306859422356, 
        "fit": "linear", 
        "value": 0.014180340180527534
    }, 
    "Ar37": {
        "error": 0.12876038197446685, 
        "fit": "linear", 
        "value": 0.12294291371943727
    }, 
    "Ar38": {
        "error": 0.2834818442975095, 
        "fit": "linear", 
        "value": 0.51437141142420106
    }, 
    "Ar39": {
        "error": 0.096625253783703235, 
        "fit": "linear", 
        "value": 55.587516877751106
    }, 
    "Ar40": {
        "error": 0.68404691457194322, 
        "fit": "linear", 
        "value": 2437.5505978507531
    }, 
    "Ar41": {
        "error": 0.12825028713016792, 
        "fit": "average_SEM", 
        "value": -0.014240067261400528
    }
}