{
    "Ar36": {
        "error": 0.0021033166695653034, 
        "fit": "linear", 
        "value": 0.022548232171632092
    }, 
    "Ar37": {
        "error": 0.1291170302581654, 
        "fit": "linear", 
        "value": 0.012137861681094517
    }, 
    "Ar38": {
        "error": 0.251452825630891, 
        "fit": "linear", 
        "value": 0.2423741216402393
    }, 
    "Ar39": {
        "error": 0.07350828641695499, 
        "fit": "linear", 
        "value": 30.207598976885201
    }, 
    "Ar40": {
        "error": 0.48944200701084217, 
        "fit": "linear", 
        "value": 1328.9025021681607
    }, 
    "Ar41": {
        "error": 0.12340680188550482, 
        "fit": "average_SEM", 
        "value": -0.038106718509354529
    }
}