{
    "Ar36": {
        "error": 0.0017359998969149301, 
        "fit": "linear", 
        "value": 0.016152030694561881
    }, 
    "Ar37": {
        "error": 0.13363790036938289, 
        "fit": "linear", 
        "value": 0.12873031902883642
    }, 
    "Ar38": {
        "error": 0.27593644223287433, 
        "fit": "linear", 
        "value": 0.50650618928085489
    }, 
    "Ar39": {
        "error": 0.092144447303060345, 
        "fit": "linear", 
        "value": 48.598209638165976
    }, 
    "Ar40": {
        "error": 0.65277804296747088, 
        "fit": "linear", 
        "value": 2125.0319346064266
    }, 
    "Ar41": {
        "error": 0.11842367184255607, 
        "fit": "average_SEM", 
        "value": 0.006651265112385671
    }
}