{
    "Ar36": {
        "error": 0.0016865776895543271, 
        "fit": "linear", 
        "value": 0.014375347664456872
    }, 
    "Ar37": {
        "error": 0.13113073677146317, 
        "fit": "linear", 
        "value": 0.058039200057759685
    }, 
    "Ar38": {
        "error": 0.26871762839863833, 
        "fit": "linear", 
        "value": 0.35170021131280271
    }, 
    "Ar39": {
        "error": 0.074134278525642625, 
        "fit": "linear", 
        "value": 38.06635911493612
    }, 
    "Ar40": {
        "error": 0.47713218172551741, 
        "fit": "linear", 
        "value": 1665.3287121837716
    }, 
    "Ar41": {
        "error": 0.12688591904508642, 
        "fit": "average_SEM", 
        "value": -0.0046915042188225521
    }
}