{
    "Ar36": {
        "error": 0.0017250316443294543, 
        "fit": "linear", 
        "value": 0.013393914242942836
    }, 
    "Ar37": {
        "error": 0.13984222144676109, 
        "fit": "linear", 
        "value": 0.089515083302782447
    }, 
    "Ar38": {
        "error": 0.28246925179782395, 
        "fit": "linear", 
        "value": 0.47837115075361347
    }, 
    "Ar39": {
        "error": 0.092394444917414553, 
        "fit": "linear", 
        "value": 46.773422275091292
    }, 
    "Ar40": {
        "error": 0.57146956096805301, 
        "fit": "linear", 
        "value": 2047.4009781516193
    }, 
    "Ar41": {
        "error": 0.11757073729227052, 
        "fit": "average_SEM", 
        "value": -0.0026766327901795095
    }
}