{
    "Ar36": {
        "error": 0.0034790183255012158, 
        "fit": "parabolic", 
        "value": 0.07211572872569541
    }, 
    "Ar37": {
        "error": 0.1272783865731123, 
        "fit": "linear", 
        "value": 0.31801980151075959
    }, 
    "Ar38": {
        "error": 0.23034921561939134, 
        "fit": "linear", 
        "value": 0.98575300426496926
    }, 
    "Ar39": {
        "error": 0.095823144574656849, 
        "fit": "parabolic", 
        "value": 85.116762957205168
    }, 
    "Ar40": {
        "error": 0.79599232987351942, 
        "fit": "parabolic", 
        "value": 3740.8228828052679
    }, 
    "Ar41": {
        "error": 0.11494028470991856, 
        "fit": "average_SEM", 
        "value": 0.30615025115199385
    }
}