{
    "Ar36": {
        "error": 0.0056419683610924249, 
        "fit": "parabolic", 
        "value": 0.21500885851611679
    }, 
    "Ar37": {
        "error": 0.13164182695226812, 
        "fit": "linear", 
        "value": 0.19239965600923439
    }, 
    "Ar38": {
        "error": 0.26819163377429972, 
        "fit": "linear", 
        "value": 0.60355615468866319
    }, 
    "Ar39": {
        "error": 0.087862014505399239, 
        "fit": "parabolic", 
        "value": 52.448787080985632
    }, 
    "Ar40": {
        "error": 0.60824305797711009, 
        "fit": "parabolic", 
        "value": 2365.4707500498703
    }, 
    "Ar41": {
        "error": 0.12623091443411258, 
        "fit": "average_SEM", 
        "value": 0.29282369375694545
    }
}