{
    "Ar36": {
        "error": 0.004715284593437276, 
        "fit": "parabolic", 
        "value": 0.15772498914667843
    }, 
    "Ar37": {
        "error": 0.12965593092880953, 
        "fit": "linear", 
        "value": 0.29645432291659002
    }, 
    "Ar38": {
        "error": 0.2433521130149478, 
        "fit": "linear", 
        "value": 0.80925723334759225
    }, 
    "Ar39": {
        "error": 0.091966044988935791, 
        "fit": "parabolic", 
        "value": 70.943027455228872
    }, 
    "Ar40": {
        "error": 0.70133010341087276, 
        "fit": "parabolic", 
        "value": 3160.0110293977723
    }, 
    "Ar41": {
        "error": 0.12814218917241435, 
        "fit": "average_SEM", 
        "value": 0.30674624397419392
    }
}