{
    "Ar36": {
        "error": 0.0019960940042837846, 
        "fit": "parabolic", 
        "value": 0.022786759190613244
    }, 
    "Ar37": {
        "error": 0.14148579831065528, 
        "fit": "linear", 
        "value": -0.039345350221454918
    }, 
    "Ar38": {
        "error": 0.20720623235844396, 
        "fit": "linear", 
        "value": -0.014205524469829433
    }, 
    "Ar39": {
        "error": 0.057866673142602736, 
        "fit": "parabolic", 
        "value": 3.5023226416522357
    }, 
    "Ar40": {
        "error": 0.19733571484330259, 
        "fit": "parabolic", 
        "value": 161.37641297714478
    }, 
    "Ar41": {
        "error": 0.12040424511520688, 
        "fit": "average_SEM", 
        "value": 0.24407975630601869
    }
}