{
    "Ar36": {
        "error": 0.0091690674622152482, 
        "fit": "parabolic", 
        "value": 0.60189174408840618
    }, 
    "Ar37": {
        "error": 0.13573858220910712, 
        "fit": "linear", 
        "value": 0.2821036942679721
    }, 
    "Ar38": {
        "error": 0.2396267881887762, 
        "fit": "linear", 
        "value": 0.89330260896293201
    }, 
    "Ar39": {
        "error": 0.091515332565835994, 
        "fit": "parabolic", 
        "value": 68.435805876645858
    }, 
    "Ar40": {
        "error": 0.67883353383292844, 
        "fit": "parabolic", 
        "value": 3176.5188241803016
    }, 
    "Ar41": {
        "error": 0.12421742500697218, 
        "fit": "average_SEM", 
        "value": 0.30681255414208863
    }
}