{
    "Ar36": {
        "error": 0.0021165763247220641, 
        "fit": "parabolic", 
        "value": 0.023578292891612229
    }, 
    "Ar37": {
        "error": 0.13337055547934085, 
        "fit": "linear", 
        "value": 0.2215508091165507
    }, 
    "Ar38": {
        "error": 0.2693815460911469, 
        "fit": "linear", 
        "value": 0.5759661277590723
    }, 
    "Ar39": {
        "error": 0.084640646203288386, 
        "fit": "parabolic", 
        "value": 50.203581624981403
    }, 
    "Ar40": {
        "error": 0.61240611824241953, 
        "fit": "parabolic", 
        "value": 2202.7247560972764
    }, 
    "Ar41": {
        "error": 0.12334222710624768, 
        "fit": "average_SEM", 
        "value": 0.28836369469296186
    }
}