{
    "Ar36": {
        "error": 0.0022229893642135303, 
        "fit": "parabolic", 
        "value": 0.030836574860057114
    }, 
    "Ar37": {
        "error": 0.13392402342942233, 
        "fit": "linear", 
        "value": -0.016556375595628659
    }, 
    "Ar38": {
        "error": 0.19633833095689773, 
        "fit": "linear", 
        "value": -0.068276534564179647
    }, 
    "Ar39": {
        "error": 0.056245470014194603, 
        "fit": "parabolic", 
        "value": 0.11175768313020304
    }, 
    "Ar40": {
        "error": 0.15522169438420963, 
        "fit": "parabolic", 
        "value": 14.037465263130574
    }, 
    "Ar41": {
        "error": 0.13155225123445716, 
        "fit": "average_SEM", 
        "value": 0.24483090526002343
    }
}