{
    "Ar36": {
        "error": 0.0023248597821434571, 
        "fit": "parabolic", 
        "value": 0.033896134501908523
    }, 
    "Ar37": {
        "error": 0.13545482015748964, 
        "fit": "linear", 
        "value": -0.0072742000317608758
    }, 
    "Ar38": {
        "error": 0.18754353695346496, 
        "fit": "linear", 
        "value": -0.042467641287798889
    }, 
    "Ar39": {
        "error": 0.058659840843988731, 
        "fit": "parabolic", 
        "value": 0.54704222235024114
    }, 
    "Ar40": {
        "error": 0.15029712981978288, 
        "fit": "parabolic", 
        "value": 35.096635719082663
    }, 
    "Ar41": {
        "error": 0.12418655133120979, 
        "fit": "average_SEM", 
        "value": 0.24680225428455743
    }
}