{
    "Ar36": {
        "error": 0.0024263595176821058, 
        "fit": "parabolic", 
        "value": 0.032202763696913508
    }, 
    "Ar37": {
        "error": 0.1342221528398477, 
        "fit": "linear", 
        "value": 0.13724648749801877
    }, 
    "Ar38": {
        "error": 0.24978910433910315, 
        "fit": "linear", 
        "value": 0.41412577904020442
    }, 
    "Ar39": {
        "error": 0.075533631775537485, 
        "fit": "parabolic", 
        "value": 37.943982335558005
    }, 
    "Ar40": {
        "error": 0.4798529093083625, 
        "fit": "parabolic", 
        "value": 1666.9680686580868
    }, 
    "Ar41": {
        "error": 0.12696199071853212, 
        "fit": "average_SEM", 
        "value": 0.28595390910544666
    }
}