{
    "Ar36": {
        "error": 0.0055181783104394384, 
        "fit": "parabolic", 
        "value": 0.16599089695323932
    }, 
    "Ar37": {
        "error": 0.14564229266300377, 
        "fit": "linear", 
        "value": 0.27499646844174386
    }, 
    "Ar38": {
        "error": 0.2435402658174515, 
        "fit": "linear", 
        "value": 0.73587814632672166
    }, 
    "Ar39": {
        "error": 0.091027356091107237, 
        "fit": "parabolic", 
        "value": 63.722756527415271
    }, 
    "Ar40": {
        "error": 0.6727648770408986, 
        "fit": "parabolic", 
        "value": 2834.6419949639999
    }, 
    "Ar41": {
        "error": 0.12597629587549988, 
        "fit": "average_SEM", 
        "value": 0.3105597337742802
    }
}