{
    "Ar36": {
        "error": 0.001648139827661513, 
        "fit": "parabolic", 
        "value": 0.017861488257735016
    }, 
    "Ar37": {
        "error": 0.13830696390320696, 
        "fit": "linear", 
        "value": -0.033561301572672911
    }, 
    "Ar38": {
        "error": 0.19416735468469318, 
        "fit": "linear", 
        "value": -0.038582642125731072
    }, 
    "Ar39": {
        "error": 0.05656056707348122, 
        "fit": "parabolic", 
        "value": 0.082688343690710486
    }, 
    "Ar40": {
        "error": 0.1428722336904806, 
        "fit": "parabolic", 
        "value": 9.8844655320766321
    }, 
    "Ar41": {
        "error": 0.1300693186538838, 
        "fit": "average_SEM", 
        "value": 0.24024021559103859
    }
}