{
    "Ar36": {
        "error": 0.0030534082607862659, 
        "fit": "parabolic", 
        "value": 0.062457948854804046
    }, 
    "Ar37": {
        "error": 0.12918615410269293, 
        "fit": "linear", 
        "value": 0.26447735520033683
    }, 
    "Ar38": {
        "error": 0.23285615399334236, 
        "fit": "linear", 
        "value": 0.79043117912048899
    }, 
    "Ar39": {
        "error": 0.097764857291448334, 
        "fit": "parabolic", 
        "value": 68.610767634642428
    }, 
    "Ar40": {
        "error": 0.64545129519693156, 
        "fit": "parabolic", 
        "value": 3007.21891011652
    }, 
    "Ar41": {
        "error": 0.13430570094917887, 
        "fit": "average_SEM", 
        "value": 0.3034419389156392
    }
}