{
    "Ar36": {
        "error": 0.0030204445976106304, 
        "fit": "parabolic", 
        "value": 0.04457618078859004
    }, 
    "Ar37": {
        "error": 0.13958103311741304, 
        "fit": "linear", 
        "value": 0.29335398498582788
    }, 
    "Ar38": {
        "error": 0.22981293980411951, 
        "fit": "linear", 
        "value": 0.87506333750308374
    }, 
    "Ar39": {
        "error": 0.09929750566935637, 
        "fit": "parabolic", 
        "value": 76.814522099073486
    }, 
    "Ar40": {
        "error": 0.75081024965324283, 
        "fit": "parabolic", 
        "value": 3359.145778022531
    }, 
    "Ar41": {
        "error": 0.13469580249809773, 
        "fit": "average_SEM", 
        "value": 0.33792867481708527
    }
}