{
    "Ar36": {
        "error": 0.00087127114680523579, 
        "fit": "parabolic", 
        "value": 0.00054540282778478512
    }, 
    "Ar37": {
        "error": 0.1368623105147041, 
        "fit": "linear", 
        "value": -0.01551208368654446
    }, 
    "Ar38": {
        "error": 0.18587022836885153, 
        "fit": "linear", 
        "value": -0.06890654142370628
    }, 
    "Ar39": {
        "error": 0.05875636501677229, 
        "fit": "parabolic", 
        "value": 0.01203955449962894
    }, 
    "Ar40": {
        "error": 0.13407134178377145, 
        "fit": "parabolic", 
        "value": 0.22646033753512185
    }, 
    "Ar41": {
        "error": 0.12565776436056689, 
        "fit": "average_SEM", 
        "value": 0.24434100746351761
    }
}