{
    "Ar36": {
        "error": 0.00085954282565854309, 
        "fit": "parabolic", 
        "value": 0.00092147388485159729
    }, 
    "Ar37": {
        "error": 0.14974149940057555, 
        "fit": "linear", 
        "value": -0.13611596778076057
    }, 
    "Ar38": {
        "error": 0.21411912058756882, 
        "fit": "linear", 
        "value": -0.13498570087358741
    }, 
    "Ar39": {
        "error": 0.062796276518379934, 
        "fit": "parabolic", 
        "value": 0.030795576125540923
    }, 
    "Ar40": {
        "error": 0.12645414471328947, 
        "fit": "parabolic", 
        "value": 0.23124794608496918
    }, 
    "Ar41": {
        "error": 0.11805006338927046, 
        "fit": "average_SEM", 
        "value": -0.090154866976081396
    }
}