{
    "Ar36": {
        "error": 0.00080082140333390236, 
        "fit": "parabolic", 
        "value": 0.00080638769600106721
    }, 
    "Ar37": {
        "error": 0.13724206930148888, 
        "fit": "linear", 
        "value": -0.15310647850131481
    }, 
    "Ar38": {
        "error": 0.19068981558188405, 
        "fit": "linear", 
        "value": -0.16288666345024516
    }, 
    "Ar39": {
        "error": 0.057631776505114397, 
        "fit": "parabolic", 
        "value": 0.00055819274039471851
    }, 
    "Ar40": {
        "error": 0.13171976170199826, 
        "fit": "parabolic", 
        "value": 0.24083094273199926
    }, 
    "Ar41": {
        "error": 0.1219560280677542, 
        "fit": "average_SEM", 
        "value": -0.10440042381433159
    }
}