{
    "Ar36": {
        "error": 0.00076613305081196597, 
        "fit": "parabolic", 
        "value": 0.00040384224288670469
    }, 
    "Ar37": {
        "error": 0.14482292016551424, 
        "fit": "linear", 
        "value": -0.061427300267963302
    }, 
    "Ar38": {
        "error": 0.13864275905783222, 
        "fit": "linear", 
        "value": -0.085480740436786773
    }, 
    "Ar39": {
        "error": 0.059410749128391505, 
        "fit": "parabolic", 
        "value": 0.28125228745111713
    }, 
    "Ar40": {
        "error": 0.13892041858794377, 
        "fit": "parabolic", 
        "value": 0.13380010361689909
    }, 
    "Ar41": {
        "error": 0.14016284423639047, 
        "fit": "average_SEM", 
        "value": -0.11639042220456758
    }
}