{
    "Ar36": {
        "error": 0.00084070213760489571, 
        "fit": "parabolic", 
        "value": 0.00084192388783619829
    }, 
    "Ar37": {
        "error": 0.13960399626567888, 
        "fit": "linear", 
        "value": -0.14712828221261659
    }, 
    "Ar38": {
        "error": 0.19447772661518489, 
        "fit": "linear", 
        "value": -0.15773291373891604
    }, 
    "Ar39": {
        "error": 0.056444588804907672, 
        "fit": "parabolic", 
        "value": 0.003619911857603718
    }, 
    "Ar40": {
        "error": 0.14051271653151642, 
        "fit": "parabolic", 
        "value": 0.22654748350860093
    }, 
    "Ar41": {
        "error": 0.12262631421589783, 
        "fit": "average_SEM", 
        "value": 0.17628789700203926
    }
}