{
    "Ar36": {
        "error": 0.00079154631637086588, 
        "fit": "parabolic", 
        "value": 0.00079721645431076707
    }, 
    "Ar37": {
        "error": 0.14818824705768163, 
        "fit": "linear", 
        "value": -0.0702695613666907
    }, 
    "Ar38": {
        "error": 0.14293559435319525, 
        "fit": "linear", 
        "value": -0.085578162016034978
    }, 
    "Ar39": {
        "error": 0.073284315362730695, 
        "fit": "parabolic", 
        "value": 0.37072588976880672
    }, 
    "Ar40": {
        "error": 0.15770496602163214, 
        "fit": "parabolic", 
        "value": 0.17809305913583051
    }, 
    "Ar41": {
        "error": 0.14479737406323834, 
        "fit": "average_SEM", 
        "value": -0.11976047191754333
    }
}