{
    "Ar36": {
        "error": 0.00081587027783733572, 
        "fit": "parabolic", 
        "value": 0.00042639457587732041
    }, 
    "Ar37": {
        "error": 0.13910098693580047, 
        "fit": "linear", 
        "value": -0.053286134038509118
    }, 
    "Ar38": {
        "error": 0.14789672950174906, 
        "fit": "linear", 
        "value": -0.1047448392607091
    }, 
    "Ar39": {
        "error": 0.060837980384060915, 
        "fit": "parabolic", 
        "value": 0.12899288533558412
    }, 
    "Ar40": {
        "error": 0.1302652856572569, 
        "fit": "parabolic", 
        "value": 0.16431840421672556
    }, 
    "Ar41": {
        "error": 0.13874287972503285, 
        "fit": "average_SEM", 
        "value": -0.052806303336255953
    }
}