{
    "Ar36": {
        "error": 0.00086026825733399349, 
        "fit": "parabolic", 
        "value": 0.00095282564974991395
    }, 
    "Ar37": {
        "error": 0.15828398327144938, 
        "fit": "linear", 
        "value": -0.12312155123057797
    }, 
    "Ar38": {
        "error": 0.14617643086341356, 
        "fit": "linear", 
        "value": -0.079753795272349187
    }, 
    "Ar39": {
        "error": 0.066350219714046643, 
        "fit": "parabolic", 
        "value": 0.36835320044586778
    }, 
    "Ar40": {
        "error": 0.14832658063507476, 
        "fit": "parabolic", 
        "value": 0.068044597270063539
    }, 
    "Ar41": {
        "error": 0.14718147671994627, 
        "fit": "average_SEM", 
        "value": -0.13258097567319055
    }
}