{
    "Ar36": {
        "error": 0.0008184939102289173, 
        "fit": "parabolic", 
        "value": 0.00054932135547074157
    }, 
    "Ar37": {
        "error": 0.14392364581590644, 
        "fit": "linear", 
        "value": -0.074868659363816356
    }, 
    "Ar38": {
        "error": 0.14259312004389962, 
        "fit": "linear", 
        "value": -0.09313465844016082
    }, 
    "Ar39": {
        "error": 0.059393734087713916, 
        "fit": "parabolic", 
        "value": 0.12549483463449257
    }, 
    "Ar40": {
        "error": 0.16005415789528041, 
        "fit": "parabolic", 
        "value": 0.46804917244513056
    }, 
    "Ar41": {
        "error": 0.14173193914687965, 
        "fit": "average_SEM", 
        "value": -0.045135068025283547
    }
}