{
    "Ar36": {
        "error": 0.0008096535773327308, 
        "fit": "parabolic", 
        "value": 0.00083138305719935668
    }, 
    "Ar37": {
        "error": 0.15316516305278494, 
        "fit": "linear", 
        "value": -0.080356717346787523
    }, 
    "Ar38": {
        "error": 0.13049384477796858, 
        "fit": "linear", 
        "value": -0.083496332129311943
    }, 
    "Ar39": {
        "error": 0.071043156963311066, 
        "fit": "parabolic", 
        "value": 0.35747376880901238
    }, 
    "Ar40": {
        "error": 0.14384651303446724, 
        "fit": "parabolic", 
        "value": 0.19464561727150637
    }, 
    "Ar41": {
        "error": 0.1437746886258772, 
        "fit": "average_SEM", 
        "value": -0.12604069717781385
    }
}