{
    "Ar36": {
        "error": 0.0065722142786405697, 
        "fit": "parabolic", 
        "value": 0.00045499037861624687
    }, 
    "Ar37": {
        "error": 0.14091213208738002, 
        "fit": "linear", 
        "value": -0.058907525081082462
    }, 
    "Ar38": {
        "error": 0.15398214386544956, 
        "fit": "linear", 
        "value": -0.10706090814383196
    }, 
    "Ar39": {
        "error": 0.060397160114917851, 
        "fit": "parabolic", 
        "value": 0.089612109791795319
    }, 
    "Ar40": {
        "error": 0.13516409488262143, 
        "fit": "parabolic", 
        "value": 0.11764040664559412
    }, 
    "Ar41": {
        "error": 0.13688813863973456, 
        "fit": "average_SEM", 
        "value": -0.05750476887305922
    }
}