{
    "Ar36": {
        "error": 0.00076180012170569118, 
        "fit": "parabolic", 
        "value": 0.00074365918703607936
    }, 
    "Ar37": {
        "error": 0.14875346620400143, 
        "fit": "linear", 
        "value": -0.076825086941818901
    }, 
    "Ar38": {
        "error": 0.14051812996577243, 
        "fit": "linear", 
        "value": -0.11014956765698407
    }, 
    "Ar39": {
        "error": 0.064298179157493071, 
        "fit": "parabolic", 
        "value": 0.27768494107427155
    }, 
    "Ar40": {
        "error": 0.14019368761853451, 
        "fit": "parabolic", 
        "value": 0.24873652409017771
    }, 
    "Ar41": {
        "error": 0.14886446571734085, 
        "fit": "average_SEM", 
        "value": -0.12103149709117134
    }
}