{
    "Ar36": {
        "error": 0.00085888642101031765, 
        "fit": "parabolic", 
        "value": 0.00082163622543093406
    }, 
    "Ar37": {
        "error": 0.13768455087284509, 
        "fit": "linear", 
        "value": -0.039233966137706584
    }, 
    "Ar38": {
        "error": 0.20162205300723213, 
        "fit": "linear", 
        "value": -0.11870904714849499
    }, 
    "Ar39": {
        "error": 0.057026755416340232, 
        "fit": "parabolic", 
        "value": 0.025756035950027088
    }, 
    "Ar40": {
        "error": 0.13884456612137094, 
        "fit": "parabolic", 
        "value": 0.20104997507078401
    }, 
    "Ar41": {
        "error": 0.11751153464380003, 
        "fit": "average_SEM", 
        "value": -0.29334772388334385
    }
}