{
    "Ar36": {
        "error": 0.00087734271807708773, 
        "fit": "parabolic", 
        "value": 0.00080380010914071634
    }, 
    "Ar37": {
        "error": 0.14351295219119425, 
        "fit": "linear", 
        "value": -0.036945550384774206
    }, 
    "Ar38": {
        "error": 0.21657974619371387, 
        "fit": "linear", 
        "value": 0.07768911762265697
    }, 
    "Ar39": {
        "error": 0.061914368754166796, 
        "fit": "parabolic", 
        "value": 0.0048610994632656947
    }, 
    "Ar40": {
        "error": 0.12817935043762879, 
        "fit": "parabolic", 
        "value": 0.21796087473793932
    }, 
    "Ar41": {
        "error": 0.12083717547112623, 
        "fit": "average_SEM", 
        "value": -0.29994775460421808
    }
}