{
    "Ar36": {
        "error": 0.00093183385482740382, 
        "fit": "parabolic", 
        "value": 0.0009017004987472441
    }, 
    "Ar37": {
        "error": 0.13617347679441968, 
        "fit": "linear", 
        "value": -0.0060022669364515439
    }, 
    "Ar38": {
        "error": 0.20954657178180258, 
        "fit": "linear", 
        "value": 0.0044145231903248271
    }, 
    "Ar39": {
        "error": 0.0084072841017496496, 
        "fit": "parabolic", 
        "value": 0.040864988291673232
    }, 
    "Ar40": {
        "error": 0.13732743307834186, 
        "fit": "parabolic", 
        "value": 0.52477012917675547
    }, 
    "Ar41": {
        "error": 0.12739592298142782, 
        "fit": "average_SEM", 
        "value": 0.23308335833717136
    }
}