{
    "Ar36": {
        "error": 0.00080459464733145184, 
        "fit": "parabolic", 
        "value": 0.00065908512815081701
    }, 
    "Ar37": {
        "error": 0.14213709732131119, 
        "fit": "linear", 
        "value": -0.033760656301691699
    }, 
    "Ar38": {
        "error": 0.20135722829480007, 
        "fit": "linear", 
        "value": -0.10187774921710675
    }, 
    "Ar39": {
        "error": 0.0072032530190039136, 
        "fit": "parabolic", 
        "value": 0.027241676983652714
    }, 
    "Ar40": {
        "error": 0.13108896817776802, 
        "fit": "parabolic", 
        "value": 0.25152026496758983
    }, 
    "Ar41": {
        "error": 0.13587971234705615, 
        "fit": "average_SEM", 
        "value": -0.021399301253000481
    }
}