{
    "AX": {
        "error": 0.08035050512436094, 
        "fit": "average_SEM", 
        "value": 0.3500843056374126
    }, 
    "CDD": {
        "error": 0.00010905154248549597, 
        "fit": "average_SEM", 
        "value": 6.391518723426593e-05
    }, 
    "H1": {
        "error": 0.13746541549156777, 
        "fit": "average_SEM", 
        "value": -0.06656587771786791
    }, 
    "H2": {
        "error": 0.15494420810739262, 
        "fit": "average_SEM", 
        "value": -0.14041254064391573
    }, 
    "L1": {
        "error": 0.15215832123106962, 
        "fit": "average_SEM", 
        "value": -0.10843707545346762
    }, 
    "L2": {
        "error": 0.14972136213103257, 
        "fit": "average_SEM", 
        "value": -0.11973795510388704
    }
}