{
    "AX": {
        "error": 0.06804783724462232, 
        "fit": "average_SEM", 
        "value": 0.33970064611898526
    }, 
    "CDD": {
        "error": 0.00011204055948129773, 
        "fit": "average_SEM", 
        "value": 8.637187517403314e-05
    }, 
    "H1": {
        "error": 0.12794893523375575, 
        "fit": "average_SEM", 
        "value": -0.07041625818755064
    }, 
    "H2": {
        "error": 0.13472207260687377, 
        "fit": "average_SEM", 
        "value": -0.13572376746322132
    }, 
    "L1": {
        "error": 0.1460596072073034, 
        "fit": "average_SEM", 
        "value": -0.0929694214098466
    }, 
    "L2": {
        "error": 0.12404255069814803, 
        "fit": "average_SEM", 
        "value": -0.10980689488868746
    }
}