{
    "AX": {
        "error": 0.05715356756050194, 
        "fit": "average_SEM", 
        "value": 0.34150473988718455
    }, 
    "CDD": {
        "error": 0.0001511290183132408, 
        "fit": "average_SEM", 
        "value": 0.0001399224384739581
    }, 
    "H1": {
        "error": 0.11240027132223349, 
        "fit": "average_SEM", 
        "value": -0.04576230625453819
    }, 
    "H2": {
        "error": 0.18998407381615023, 
        "fit": "average_SEM", 
        "value": -0.13648843909096386
    }, 
    "L1": {
        "error": 0.1375791796333535, 
        "fit": "average_SEM", 
        "value": -0.11169851575889173
    }, 
    "L2": {
        "error": 0.15782181021713826, 
        "fit": "average_SEM", 
        "value": -0.11318949028500355
    }
}