{
    "AX": {
        "error": 0.05400626881956336, 
        "fit": "average_SEM", 
        "value": 0.3400624563296636
    }, 
    "CDD": {
        "error": 9.232893300771079e-05, 
        "fit": "average_SEM", 
        "value": 6.0460311942733824e-05
    }, 
    "H1": {
        "error": 0.13885637087570968, 
        "fit": "average_SEM", 
        "value": -0.06669528334298068
    }, 
    "H2": {
        "error": 0.12416905848386944, 
        "fit": "average_SEM", 
        "value": -0.14507569631872078
    }, 
    "L1": {
        "error": 0.14152466640963737, 
        "fit": "average_SEM", 
        "value": -0.10602000875320906
    }, 
    "L2": {
        "error": 0.13321832993233138, 
        "fit": "average_SEM", 
        "value": -0.150214282123165
    }
}