{
    "AX": {
        "error": 0.07066848651875635, 
        "fit": "average_SEM", 
        "value": 0.34042932473950915
    }, 
    "CDD": {
        "error": 0.0001259378530809679, 
        "fit": "average_SEM", 
        "value": 8.291700052925282e-05
    }, 
    "H1": {
        "error": 0.16901847438846, 
        "fit": "average_SEM", 
        "value": -0.0071709554720049105
    }, 
    "H2": {
        "error": 0.1465851848680546, 
        "fit": "average_SEM", 
        "value": -0.1196691377243648
    }, 
    "L1": {
        "error": 0.14024890639219206, 
        "fit": "average_SEM", 
        "value": -0.10257404295003249
    }, 
    "L2": {
        "error": 0.15322573503019105, 
        "fit": "average_SEM", 
        "value": -0.10720214200102621
    }
}