{
    "AX": {
        "error": 0.05896640597012673, 
        "fit": "average_SEM", 
        "value": 0.3483796407779058
    }, 
    "CDD": {
        "error": 9.094589650355217e-05, 
        "fit": "average_SEM", 
        "value": 7.42798118153587e-05
    }, 
    "H1": {
        "error": 0.15209739890224588, 
        "fit": "average_SEM", 
        "value": -0.05237438984202324
    }, 
    "H2": {
        "error": 0.14694540800128533, 
        "fit": "average_SEM", 
        "value": -0.11157898555199305
    }, 
    "L1": {
        "error": 0.14160379913027882, 
        "fit": "average_SEM", 
        "value": -0.09664751179257615
    }, 
    "L2": {
        "error": 0.15789516067712267, 
        "fit": "average_SEM", 
        "value": -0.1120175812807348
    }
}