{
    "AX": {
        "error": 0.07110674534729708, 
        "fit": "average_SEM", 
        "value": 0.33412239915794795
    }, 
    "CDD": {
        "error": 0.00011837900892758018, 
        "fit": "average_SEM", 
        "value": 0.00011401087427253111
    }, 
    "H1": {
        "error": 0.16790764499598654, 
        "fit": "average_SEM", 
        "value": -0.04725841794990831
    }, 
    "H2": {
        "error": 0.13629952117285044, 
        "fit": "average_SEM", 
        "value": -0.1370124503142304
    }, 
    "L1": {
        "error": 0.14304243722055682, 
        "fit": "average_SEM", 
        "value": -0.08648681836720142
    }, 
    "L2": {
        "error": 0.13357278943937023, 
        "fit": "average_SEM", 
        "value": -0.12285651333060943
    }
}