{
    "AX": {
        "error": 0.0995074332572939, 
        "fit": "average_SEM", 
        "value": 0.3433948286705547
    }, 
    "CDD": {
        "error": 0.012186844658170803, 
        "fit": "average_SEM", 
        "value": 0.0013439555442245263
    }, 
    "H1": {
        "error": 0.1286911400103121, 
        "fit": "average_SEM", 
        "value": -0.054595992041544784
    }, 
    "H2": {
        "error": 0.12997429500657362, 
        "fit": "average_SEM", 
        "value": -0.11970303201427063
    }, 
    "L1": {
        "error": 0.13300125117307568, 
        "fit": "average_SEM", 
        "value": -0.09602152570280142
    }, 
    "L2": {
        "error": 0.1300391194210757, 
        "fit": "average_SEM", 
        "value": -0.10489840104969012
    }
}