{
    "AX": {
        "error": 0.06388559047126008, 
        "fit": "average_SEM", 
        "value": 0.33690754804346296
    }, 
    "CDD": {
        "error": 0.0001615517110351627, 
        "fit": "average_SEM", 
        "value": 0.00013992243976746168
    }, 
    "H1": {
        "error": 0.13466742598531056, 
        "fit": "average_SEM", 
        "value": -0.035410570605502775
    }, 
    "H2": {
        "error": 0.1379029169250928, 
        "fit": "average_SEM", 
        "value": -0.12821539129234022
    }, 
    "L1": {
        "error": 0.12722832886572016, 
        "fit": "average_SEM", 
        "value": -0.10658811102621257
    }, 
    "L2": {
        "error": 0.14706597227083892, 
        "fit": "average_SEM", 
        "value": -0.09331104520501363
    }
}