{
    "AX": {
        "error": 0.05547557449726168, 
        "fit": "average_SEM", 
        "value": 0.3385870138804118
    }, 
    "CDD": {
        "error": 0.001632874970661564, 
        "fit": "average_SEM", 
        "value": 0.00026948041502489813
    }, 
    "H1": {
        "error": 0.11585809687283789, 
        "fit": "average_SEM", 
        "value": -0.0505867334212073
    }, 
    "H2": {
        "error": 0.13536838532392992, 
        "fit": "average_SEM", 
        "value": -0.14791568078928524
    }, 
    "L1": {
        "error": 0.13585307661925916, 
        "fit": "average_SEM", 
        "value": -0.11174848777549819
    }, 
    "L2": {
        "error": 0.18068889000101163, 
        "fit": "average_SEM", 
        "value": -0.0842664529220201
    }
}