{
    "AX": {
        "error": 0.06944271336382106, 
        "fit": "average_SEM", 
        "value": 0.3374640873219404
    }, 
    "CDD": {
        "error": 9.489165037095967e-05, 
        "fit": "average_SEM", 
        "value": 5.8732874458655714e-05
    }, 
    "H1": {
        "error": 0.1339294088477855, 
        "fit": "average_SEM", 
        "value": -0.0436303206667718
    }, 
    "H2": {
        "error": 0.12958791968208197, 
        "fit": "average_SEM", 
        "value": -0.10676371258580022
    }, 
    "L1": {
        "error": 0.1337631595179244, 
        "fit": "average_SEM", 
        "value": -0.1008927957723952
    }, 
    "L2": {
        "error": 0.1395834975242892, 
        "fit": "average_SEM", 
        "value": -0.11059531462993213
    }
}