{
    "AX": {
        "error": 0.06620858835397994, 
        "fit": "average_SEM", 
        "value": 0.3510632657342487
    }, 
    "CDD": {
        "error": 0.00012883961610068943, 
        "fit": "average_SEM", 
        "value": 0.000115738312403361
    }, 
    "H1": {
        "error": 0.11872421260995554, 
        "fit": "average_SEM", 
        "value": -0.03978707047855197
    }, 
    "H2": {
        "error": 0.12299300458771675, 
        "fit": "average_SEM", 
        "value": -0.1189378780080814
    }, 
    "L1": {
        "error": 0.13886124890950266, 
        "fit": "average_SEM", 
        "value": -0.08557925656463744
    }, 
    "L2": {
        "error": 0.1680702403597783, 
        "fit": "average_SEM", 
        "value": -0.08540116573373477
    }
}