{
    "AX": {
        "error": 0.07278252541293605, 
        "fit": "average_SEM", 
        "value": 0.3419782229595714
    }, 
    "CDD": {
        "error": 0.00012507228955141713, 
        "fit": "average_SEM", 
        "value": 9.328162511034558e-05
    }, 
    "H1": {
        "error": 0.1869965833073844, 
        "fit": "average_SEM", 
        "value": -0.018351056684170745
    }, 
    "H2": {
        "error": 0.15103528717978945, 
        "fit": "average_SEM", 
        "value": -0.11936022417050683
    }, 
    "L1": {
        "error": 0.13967464053276105, 
        "fit": "average_SEM", 
        "value": -0.08281920275702659
    }, 
    "L2": {
        "error": 0.1355953950024097, 
        "fit": "average_SEM", 
        "value": -0.11125494733116487
    }
}