{
    "AX": {
        "error": 0.08364298877055701, 
        "fit": "average_SEM", 
        "value": 0.35671943922837573
    }, 
    "CDD": {
        "error": 7.659082030058824e-05, 
        "fit": "average_SEM", 
        "value": 4.145849961787462e-05
    }, 
    "H1": {
        "error": 0.11558217255646305, 
        "fit": "average_SEM", 
        "value": -0.028341348292047364
    }, 
    "H2": {
        "error": 0.14812730088093568, 
        "fit": "average_SEM", 
        "value": -0.12202123429419266
    }, 
    "L1": {
        "error": 0.1271583976978193, 
        "fit": "average_SEM", 
        "value": -0.09062658528289629
    }, 
    "L2": {
        "error": 0.2153009062828984, 
        "fit": "average_SEM", 
        "value": -0.06935159512278107
    }
}