{
    "AX": {
        "error": 0.06899196679053007, 
        "fit": "average_SEM", 
        "value": 0.3432493415143755
    }, 
    "CDD": {
        "error": 6.673778205936759e-05, 
        "fit": "average_SEM", 
        "value": 3.1093874713405964e-05
    }, 
    "H1": {
        "error": 0.1512377064563983, 
        "fit": "average_SEM", 
        "value": -0.04732700867850023
    }, 
    "H2": {
        "error": 0.12303328455234487, 
        "fit": "average_SEM", 
        "value": -0.12783614690415562
    }, 
    "L1": {
        "error": 0.11638162153317898, 
        "fit": "average_SEM", 
        "value": -0.10884954016526333
    }, 
    "L2": {
        "error": 0.1557801961244833, 
        "fit": "average_SEM", 
        "value": -0.08989521776481221
    }
}