{
    "AX": {
        "error": 0.07484863926397514, 
        "fit": "average_SEM", 
        "value": 0.36025555349058574
    }, 
    "CDD": {
        "error": 0.00012367722903148384, 
        "fit": "average_SEM", 
        "value": 0.00010191881253073613
    }, 
    "H1": {
        "error": 0.13297743620036495, 
        "fit": "average_SEM", 
        "value": -0.05003692713022853
    }, 
    "H2": {
        "error": 0.15254403214883155, 
        "fit": "average_SEM", 
        "value": -0.11926551446991249
    }, 
    "L1": {
        "error": 0.14742842185457258, 
        "fit": "average_SEM", 
        "value": -0.059740655490248984
    }, 
    "L2": {
        "error": 0.33656510130254913, 
        "fit": "average_SEM", 
        "value": -0.06420854439363918
    }
}