{
    "AX": {
        "error": 0.0564191544691444, 
        "fit": "average_SEM", 
        "value": 0.3368276301357481
    }, 
    "CDD": {
        "error": 0.00010201762006549073, 
        "fit": "average_SEM", 
        "value": 8.464443671982736e-05
    }, 
    "H1": {
        "error": 0.1411825402646821, 
        "fit": "average_SEM", 
        "value": -0.027414802013663576
    }, 
    "H2": {
        "error": 0.15427844272754015, 
        "fit": "average_SEM", 
        "value": -0.10622467570420768
    }, 
    "L1": {
        "error": 0.1316302798898657, 
        "fit": "average_SEM", 
        "value": -0.11262926886039269
    }, 
    "L2": {
        "error": 0.1321143051046391, 
        "fit": "average_SEM", 
        "value": -0.11262420150063311
    }
}