{
    "AX": {
        "error": 0.06375497863609562, 
        "fit": "average_SEM", 
        "value": 0.3497113042407566
    }, 
    "CDD": {
        "error": 9.956261105468464e-05, 
        "fit": "average_SEM", 
        "value": 7.773468678351492e-05
    }, 
    "H1": {
        "error": 0.1315073860646388, 
        "fit": "average_SEM", 
        "value": -0.05097592300735414
    }, 
    "H2": {
        "error": 0.17610582695018867, 
        "fit": "average_SEM", 
        "value": -0.1298401838918734
    }, 
    "L1": {
        "error": 0.15509589866419177, 
        "fit": "average_SEM", 
        "value": -0.07930613893679239
    }, 
    "L2": {
        "error": 0.12990343193906695, 
        "fit": "average_SEM", 
        "value": -0.1344813968261911
    }
}