{
    "AX": {
        "error": 0.07433700027446322, 
        "fit": "average_SEM", 
        "value": 0.3433808701733748
    }, 
    "CDD": {
        "error": 0.00011690410520807912, 
        "fit": "average_SEM", 
        "value": 8.464443736657914e-05
    }, 
    "H1": {
        "error": 0.14825619806719348, 
        "fit": "average_SEM", 
        "value": -0.03680552919783319
    }, 
    "H2": {
        "error": 0.14252927440551078, 
        "fit": "average_SEM", 
        "value": -0.12204027730040252
    }, 
    "L1": {
        "error": 0.15522185263245994, 
        "fit": "average_SEM", 
        "value": -0.09375329061618282
    }, 
    "L2": {
        "error": 0.13173553164979504, 
        "fit": "average_SEM", 
        "value": -0.09002159823560052
    }
}