{
    "AX": {
        "error": 0.07231277749808054, 
        "fit": "average_SEM", 
        "value": 0.3404796328809526
    }, 
    "CDD": {
        "error": 0.00014245403279188724, 
        "fit": "average_SEM", 
        "value": 0.00014683218808689464
    }, 
    "H1": {
        "error": 0.150597523116756, 
        "fit": "average_SEM", 
        "value": -0.051308231668857236
    }, 
    "H2": {
        "error": 0.1479694349063886, 
        "fit": "average_SEM", 
        "value": -0.09967117656229271
    }, 
    "L1": {
        "error": 0.13085740991416547, 
        "fit": "average_SEM", 
        "value": -0.07917543392589627
    }, 
    "L2": {
        "error": 0.14828091174975908, 
        "fit": "average_SEM", 
        "value": -0.11090179170294302
    }
}