{
    "AX": {
        "error": 0.06164440817168052, 
        "fit": "average_SEM", 
        "value": 0.35181393706136277
    }, 
    "CDD": {
        "error": 2.8063952995889995e-05, 
        "fit": "average_SEM", 
        "value": 5.182312452234328e-06
    }, 
    "H1": {
        "error": 0.14474470641281362, 
        "fit": "average_SEM", 
        "value": -0.06053633417468518
    }, 
    "H2": {
        "error": 0.16055141673672813, 
        "fit": "average_SEM", 
        "value": -0.12222636221752813
    }, 
    "L1": {
        "error": 0.14239332587666068, 
        "fit": "average_SEM", 
        "value": -0.12410662824621695
    }, 
    "L2": {
        "error": 0.12965310648378428, 
        "fit": "average_SEM", 
        "value": -0.11534434353428272
    }
}