{
    "AX": {
        "error": 0.05213386454322221, 
        "fit": "average_SEM", 
        "value": 0.34075455864270526
    }, 
    "CDD": {
        "error": 0.00015318164830109752, 
        "fit": "average_SEM", 
        "value": 0.00013474012666847557
    }, 
    "H1": {
        "error": 0.131555724960385, 
        "fit": "average_SEM", 
        "value": -0.0149113939040237
    }, 
    "H2": {
        "error": 0.17372887351578814, 
        "fit": "average_SEM", 
        "value": -0.061357608845638525
    }, 
    "L1": {
        "error": 0.1395350981553235, 
        "fit": "average_SEM", 
        "value": -0.08563055470973874
    }, 
    "L2": {
        "error": 0.154727942645901, 
        "fit": "average_SEM", 
        "value": -0.08649720614800269
    }
}