{
    "AX": {
        "error": 0.060237316725639485, 
        "fit": "average_SEM", 
        "value": 0.3444219253129429
    }, 
    "CDD": {
        "error": 0.0001252771977922762, 
        "fit": "average_SEM", 
        "value": 9.155418762626747e-05
    }, 
    "H1": {
        "error": 0.1325465552207636, 
        "fit": "average_SEM", 
        "value": -0.050292856691198214
    }, 
    "H2": {
        "error": 0.19455427840004644, 
        "fit": "average_SEM", 
        "value": -0.09569716958536043
    }, 
    "L1": {
        "error": 0.1509993620998469, 
        "fit": "average_SEM", 
        "value": -0.07931293715114912
    }, 
    "L2": {
        "error": 0.14459250590802308, 
        "fit": "average_SEM", 
        "value": -0.10895917240349162
    }
}