{
    "AX": {
        "error": 0.05432600838736521, 
        "fit": "average_SEM", 
        "value": 0.3505570486187935
    }, 
    "CDD": {
        "error": 9.918303564513165e-05, 
        "fit": "average_SEM", 
        "value": 6.909749968650026e-05
    }, 
    "H1": {
        "error": 0.15133778844709264, 
        "fit": "average_SEM", 
        "value": -0.033265839530051584
    }, 
    "H2": {
        "error": 0.14671969871356438, 
        "fit": "average_SEM", 
        "value": -0.11731313840460239
    }, 
    "L1": {
        "error": 0.21902455363235007, 
        "fit": "average_SEM", 
        "value": -0.11133814520306057
    }, 
    "L2": {
        "error": 0.14866995582570391, 
        "fit": "average_SEM", 
        "value": -0.0954796161458944
    }
}