{
    "AX": {
        "error": 0.06316929509531306, 
        "fit": "average_SEM", 
        "value": 0.3481354441907671
    }, 
    "CDD": {
        "error": 0.00017252623392045497, 
        "fit": "average_SEM", 
        "value": 0.00014510475189632012
    }, 
    "H1": {
        "error": 0.16014636842335747, 
        "fit": "average_SEM", 
        "value": -0.020822411057694504
    }, 
    "H2": {
        "error": 0.15199668431801083, 
        "fit": "average_SEM", 
        "value": -0.11587090130326234
    }, 
    "L1": {
        "error": 0.14687962437511226, 
        "fit": "average_SEM", 
        "value": -0.12030694345594384
    }, 
    "L2": {
        "error": 0.15530638709823705, 
        "fit": "average_SEM", 
        "value": -0.0978047005528222
    }
}