{
    "AX": {
        "error": 0.0523049882395683, 
        "fit": "average_SEM", 
        "value": 0.3441100006302198
    }, 
    "CDD": {
        "error": 0.0026105475885797977, 
        "fit": "average_SEM", 
        "value": 0.00043185979787570733
    }, 
    "H1": {
        "error": 0.11965041617059884, 
        "fit": "average_SEM", 
        "value": -0.046869506039527345
    }, 
    "H2": {
        "error": 0.11419624139506299, 
        "fit": "average_SEM", 
        "value": -0.12484954080233972
    }, 
    "L1": {
        "error": 0.15360195120805653, 
        "fit": "average_SEM", 
        "value": -0.10512217723968813
    }, 
    "L2": {
        "error": 0.27245325742402193, 
        "fit": "average_SEM", 
        "value": -0.10843692638704347
    }
}