{
    "AX": {
        "error": 0.06489853231411742, 
        "fit": "average_SEM", 
        "value": 0.3443096953961584
    }, 
    "CDD": {
        "error": 0.00019898121856917205, 
        "fit": "average_SEM", 
        "value": 0.00024702356798419106
    }, 
    "H1": {
        "error": 0.1411888210082315, 
        "fit": "average_SEM", 
        "value": -0.021135321153431304
    }, 
    "H2": {
        "error": 0.16726481275678573, 
        "fit": "average_SEM", 
        "value": -0.11323300306685269
    }, 
    "L1": {
        "error": 0.13793716766995304, 
        "fit": "average_SEM", 
        "value": -0.09126834740551809
    }, 
    "L2": {
        "error": 0.15556575507444034, 
        "fit": "average_SEM", 
        "value": -0.09565091092113612
    }
}