{
    "AX": {
        "error": 0.07235828917568596, 
        "fit": "average_SEM", 
        "value": 0.34727690865596134
    }, 
    "CDD": {
        "error": 6.904895878856098e-05, 
        "fit": "average_SEM", 
        "value": 3.4548749681562185e-05
    }, 
    "H1": {
        "error": 0.13847543098279488, 
        "fit": "average_SEM", 
        "value": -0.055498123782066006
    }, 
    "H2": {
        "error": 0.14259700001918568, 
        "fit": "average_SEM", 
        "value": -0.11707470691504164
    }, 
    "L1": {
        "error": 0.13774110691713737, 
        "fit": "average_SEM", 
        "value": -0.0823271069339373
    }, 
    "L2": {
        "error": 0.12592304272593452, 
        "fit": "average_SEM", 
        "value": -0.09878638791334297
    }
}