{
    "AX": {
        "error": 0.06391928322069512, 
        "fit": "average_SEM", 
        "value": 0.3475349901451005
    }, 
    "CDD": {
        "error": 0.00011443884330261111, 
        "fit": "average_SEM", 
        "value": 8.637187452728135e-05
    }, 
    "H1": {
        "error": 0.13394987327073615, 
        "fit": "average_SEM", 
        "value": -0.01499362552486774
    }, 
    "H2": {
        "error": 0.16799495835207898, 
        "fit": "average_SEM", 
        "value": -0.13367004320025444
    }, 
    "L1": {
        "error": 0.1302126381632632, 
        "fit": "average_SEM", 
        "value": -0.07607853278103802
    }, 
    "L2": {
        "error": 0.21030542621553536, 
        "fit": "average_SEM", 
        "value": -0.08928517778662758
    }
}