{
    "AX": {
        "error": 0.05042695838692662, 
        "fit": "average_SEM", 
        "value": 0.3418638406528367
    }, 
    "CDD": {
        "error": 0.00014043799578026856, 
        "fit": "average_SEM", 
        "value": 0.00010019137537003391
    }, 
    "H1": {
        "error": 0.13012866394573155, 
        "fit": "average_SEM", 
        "value": -0.036040421567546825
    }, 
    "H2": {
        "error": 0.1287982908603124, 
        "fit": "average_SEM", 
        "value": -0.12402422339784809
    }, 
    "L1": {
        "error": 0.1329146721113557, 
        "fit": "average_SEM", 
        "value": -0.09324332846639057
    }, 
    "L2": {
        "error": 0.1302195069061434, 
        "fit": "average_SEM", 
        "value": -0.08146549908366675
    }
}