{
    "AX": {
        "error": 0.05809855914542953, 
        "fit": "average_SEM", 
        "value": 0.3466906562447548
    }, 
    "CDD": {
        "error": 0.00010737844593180164, 
        "fit": "average_SEM", 
        "value": 8.118956207504703e-05
    }, 
    "H1": {
        "error": 0.12798139555979984, 
        "fit": "average_SEM", 
        "value": -0.045924445593522656
    }, 
    "H2": {
        "error": 0.13695556944429818, 
        "fit": "average_SEM", 
        "value": -0.14009979312411613
    }, 
    "L1": {
        "error": 0.19343022829900186, 
        "fit": "average_SEM", 
        "value": -0.09157049850160143
    }, 
    "L2": {
        "error": 0.1452300917271181, 
        "fit": "average_SEM", 
        "value": -0.09842834256641153
    }
}