{
    "AX": {
        "error": 0.07822359903454484, 
        "fit": "average_SEM", 
        "value": 0.3533266070816252
    }, 
    "CDD": {
        "error": 0.00012513259060119698, 
        "fit": "average_SEM", 
        "value": 0.00010537368749889235
    }, 
    "H1": {
        "error": 0.1460546995197955, 
        "fit": "average_SEM", 
        "value": -0.04785066314895327
    }, 
    "H2": {
        "error": 0.15556260660291357, 
        "fit": "average_SEM", 
        "value": -0.12272057144178285
    }, 
    "L1": {
        "error": 0.14107065542012623, 
        "fit": "average_SEM", 
        "value": -0.07895212128965391
    }, 
    "L2": {
        "error": 0.2024844684906045, 
        "fit": "average_SEM", 
        "value": -0.07043340637804553
    }
}