{
    "AX": {
        "error": 0.06529962644066248, 
        "fit": "average_SEM", 
        "value": 0.3603310681051678
    }, 
    "CDD": {
        "error": 0.000420022884594261, 
        "fit": "average_SEM", 
        "value": 0.0001969278864433161
    }, 
    "H1": {
        "error": 0.12597567678292115, 
        "fit": "average_SEM", 
        "value": -0.018485763650904926
    }, 
    "H2": {
        "error": 0.13800695014236705, 
        "fit": "average_SEM", 
        "value": -0.10853156135166905
    }, 
    "L1": {
        "error": 0.1356292681343585, 
        "fit": "average_SEM", 
        "value": -0.10640439463831071
    }, 
    "L2": {
        "error": 0.30799840703129683, 
        "fit": "average_SEM", 
        "value": -0.10786319069593446
    }
}