{
    "AX": {
        "error": 0.0686027026655467, 
        "fit": "average_SEM", 
        "value": 0.3448538833194309
    }, 
    "CDD": {
        "error": 0.00015370279173551656, 
        "fit": "average_SEM", 
        "value": 0.000157196813961491
    }, 
    "H1": {
        "error": 0.12822835645503797, 
        "fit": "average_SEM", 
        "value": -0.03116288560235666
    }, 
    "H2": {
        "error": 0.1978236732157431, 
        "fit": "average_SEM", 
        "value": -0.13643342576558806
    }, 
    "L1": {
        "error": 0.12817235756815137, 
        "fit": "average_SEM", 
        "value": -0.09312755218707025
    }, 
    "L2": {
        "error": 0.26680674474621924, 
        "fit": "average_SEM", 
        "value": -0.07334781528592835
    }
}