{
    "AX": {
        "error": 0.06578895803981719, 
        "fit": "average_SEM", 
        "value": 0.3605385488933987
    }, 
    "CDD": {
        "error": 0.00012760408478210868, 
        "fit": "average_SEM", 
        "value": 8.982675046556525e-05
    }, 
    "H1": {
        "error": 0.2122032240185639, 
        "fit": "average_SEM", 
        "value": -0.03380983014487558
    }, 
    "H2": {
        "error": 0.13955440548226783, 
        "fit": "average_SEM", 
        "value": -0.10886429882504874
    }, 
    "L1": {
        "error": 0.14574273851216363, 
        "fit": "average_SEM", 
        "value": -0.07525606872407782
    }, 
    "L2": {
        "error": 0.16944840832357042, 
        "fit": "average_SEM", 
        "value": -0.09800215006236815
    }
}