{
    "AX": {
        "error": 0.07562966155479932, 
        "fit": "average_SEM", 
        "value": 0.3489189183546437
    }, 
    "CDD": {
        "error": 0.00013638290022138368, 
        "fit": "average_SEM", 
        "value": 0.00011055600059787847
    }, 
    "H1": {
        "error": 0.17780822560701978, 
        "fit": "average_SEM", 
        "value": -0.0066490457703669865
    }, 
    "H2": {
        "error": 0.16384838750492878, 
        "fit": "average_SEM", 
        "value": -0.11406200127158728
    }, 
    "L1": {
        "error": 0.1503590262477582, 
        "fit": "average_SEM", 
        "value": -0.08779450918567212
    }, 
    "L2": {
        "error": 0.15399178336474773, 
        "fit": "average_SEM", 
        "value": -0.08135970224805836
    }
}