{
    "AX": {
        "error": 0.07034088779040558, 
        "fit": "average_SEM", 
        "value": 0.3638979772726695
    }, 
    "CDD": {
        "error": 0.00013315868516039728, 
        "fit": "average_SEM", 
        "value": 0.00010710112530634634
    }, 
    "H1": {
        "error": 0.187704428332494, 
        "fit": "average_SEM", 
        "value": -0.035714392058758274
    }, 
    "H2": {
        "error": 0.1790134144202494, 
        "fit": "average_SEM", 
        "value": 0.1619288861596336
    }, 
    "L1": {
        "error": 0.1462136461864167, 
        "fit": "average_SEM", 
        "value": -0.06656894823665627
    }, 
    "L2": {
        "error": 0.20947576818199734, 
        "fit": "average_SEM", 
        "value": -0.07883751003108853
    }
}