{
    "AX": {
        "error": 0.09242270746522757, 
        "fit": "average_SEM", 
        "value": 0.3575371391243405
    }, 
    "CDD": {
        "error": 0.0001370120308700016, 
        "fit": "average_SEM", 
        "value": 0.00013301268756751798
    }, 
    "H1": {
        "error": 0.1704125432242208, 
        "fit": "average_SEM", 
        "value": -0.034642412371936694
    }, 
    "H2": {
        "error": 0.15544022829798176, 
        "fit": "average_SEM", 
        "value": 0.13124568609443182
    }, 
    "L1": {
        "error": 0.1427396439429276, 
        "fit": "average_SEM", 
        "value": -0.09783402493663339
    }, 
    "L2": {
        "error": 0.1794953178238062, 
        "fit": "average_SEM", 
        "value": -0.05883666295558214
    }
}