{
    "AX": {
        "error": 0.14036198794493512, 
        "fit": "average_SEM", 
        "value": 0.36691089272499083
    }, 
    "CDD": {
        "error": 0.0001070829652835213, 
        "fit": "average_SEM", 
        "value": 8.637187420390546e-05
    }, 
    "H1": {
        "error": 0.1540354820968372, 
        "fit": "average_SEM", 
        "value": -0.027511966651460776
    }, 
    "H2": {
        "error": 0.18072663551253118, 
        "fit": "average_SEM", 
        "value": 0.1564838014516378
    }, 
    "L1": {
        "error": 0.1923018863282925, 
        "fit": "average_SEM", 
        "value": -0.07123987167401033
    }, 
    "L2": {
        "error": 0.15747393722613007, 
        "fit": "average_SEM", 
        "value": -0.08183233219897375
    }
}