{
    "AX": {
        "error": 0.06448059559647695, 
        "fit": "average_SEM", 
        "value": 0.350749904414018
    }, 
    "CDD": {
        "error": 0.00010737844475866052, 
        "fit": "average_SEM", 
        "value": 8.118956175167114e-05
    }, 
    "H1": {
        "error": 0.13157890236488548, 
        "fit": "average_SEM", 
        "value": -0.030790601062795353
    }, 
    "H2": {
        "error": 0.1600335686554034, 
        "fit": "average_SEM", 
        "value": 0.12218547954948412
    }, 
    "L1": {
        "error": 0.16178849741139778, 
        "fit": "average_SEM", 
        "value": -0.087544434155441
    }, 
    "L2": {
        "error": 0.21179456576540467, 
        "fit": "average_SEM", 
        "value": -0.08578289176123993
    }
}