{
    "AX": {
        "error": 0.0631933081252956, 
        "fit": "average_SEM", 
        "value": 0.3552775205837356
    }, 
    "CDD": {
        "error": 0.00014842934946722477, 
        "fit": "average_SEM", 
        "value": 0.00013301268886102156
    }, 
    "H1": {
        "error": 0.12392534975745488, 
        "fit": "average_SEM", 
        "value": -0.01169313067673809
    }, 
    "H2": {
        "error": 0.1426810036892136, 
        "fit": "average_SEM", 
        "value": 0.16082528374261326
    }, 
    "L1": {
        "error": 0.1908362770411719, 
        "fit": "average_SEM", 
        "value": -0.08392051289168496
    }, 
    "L2": {
        "error": 0.15966714343895005, 
        "fit": "average_SEM", 
        "value": -0.07515183831306381
    }
}