{
    "AX": {
        "error": 0.06706512361537618, 
        "fit": "average_SEM", 
        "value": 0.3551952039202054
    }, 
    "CDD": {
        "error": 9.369155729610149e-05, 
        "fit": "average_SEM", 
        "value": 7.082493717057838e-05
    }, 
    "H1": {
        "error": 0.12781737728537385, 
        "fit": "average_SEM", 
        "value": -0.03430479229427874
    }, 
    "H2": {
        "error": 0.13808680929457265, 
        "fit": "average_SEM", 
        "value": 0.15936349507731695
    }, 
    "L1": {
        "error": 0.14445789148111068, 
        "fit": "average_SEM", 
        "value": -0.08446106026748465
    }, 
    "L2": {
        "error": 0.1416937599201058, 
        "fit": "average_SEM", 
        "value": -0.09748938412715992
    }
}