{
    "AX": {
        "error": 0.06606958128474932, 
        "fit": "average_SEM", 
        "value": 0.3442282837298181
    }, 
    "CDD": {
        "error": 0.0001394460993775803, 
        "fit": "average_SEM", 
        "value": 0.00014510475060281654
    }, 
    "H1": {
        "error": 0.1484994580777234, 
        "fit": "average_SEM", 
        "value": -0.02552290513801078
    }, 
    "H2": {
        "error": 0.19506694414299902, 
        "fit": "average_SEM", 
        "value": 0.1543807572451543
    }, 
    "L1": {
        "error": 0.11962675666945533, 
        "fit": "average_SEM", 
        "value": -0.11154700184447898
    }, 
    "L2": {
        "error": 0.18374000641106153, 
        "fit": "average_SEM", 
        "value": -0.08736085095960233
    }
}