{
    "AX": {
        "error": 0.08330028589378624, 
        "fit": "average_SEM", 
        "value": 0.3616738228334321
    }, 
    "CDD": {
        "error": 9.918303433518701e-05, 
        "fit": "average_SEM", 
        "value": 6.909749936312437e-05
    }, 
    "H1": {
        "error": 0.1639514836555499, 
        "fit": "average_SEM", 
        "value": -0.04116582423448563
    }, 
    "H2": {
        "error": 0.18873167263002655, 
        "fit": "average_SEM", 
        "value": 0.1381628120938937
    }, 
    "L1": {
        "error": 0.16417252611472166, 
        "fit": "average_SEM", 
        "value": -0.07263376735306035
    }, 
    "L2": {
        "error": 0.13855533610835583, 
        "fit": "average_SEM", 
        "value": -0.09868222970981151
    }
}