{
    "AX": {
        "error": 0.06815954914563555, 
        "fit": "average_SEM", 
        "value": 0.3629421911305851
    }, 
    "CDD": {
        "error": 0.0001204135325878986, 
        "fit": "average_SEM", 
        "value": 9.500906259442369e-05
    }, 
    "H1": {
        "error": 0.12552428870344204, 
        "fit": "average_SEM", 
        "value": -0.04331021047093802
    }, 
    "H2": {
        "error": 0.15518969385888373, 
        "fit": "average_SEM", 
        "value": 0.12327891590992092
    }, 
    "L1": {
        "error": 0.1352580202867841, 
        "fit": "average_SEM", 
        "value": -0.11044136163675122
    }, 
    "L2": {
        "error": 0.15761180026234556, 
        "fit": "average_SEM", 
        "value": -0.0768341605564476
    }
}