{
    "AX": {
        "error": 0.060327004525687664, 
        "fit": "average_SEM", 
        "value": 0.3626308744152387
    }, 
    "CDD": {
        "error": 0.00010991972408502755, 
        "fit": "average_SEM", 
        "value": 7.946212459096892e-05
    }, 
    "H1": {
        "error": 0.178216321264935, 
        "fit": "average_SEM", 
        "value": -0.029705234466301692
    }, 
    "H2": {
        "error": 0.13490636925353827, 
        "fit": "average_SEM", 
        "value": 0.14901980911898943
    }, 
    "L1": {
        "error": 0.12428532079756227, 
        "fit": "average_SEM", 
        "value": -0.09440615803468973
    }, 
    "L2": {
        "error": 0.1440012022625971, 
        "fit": "average_SEM", 
        "value": -0.09091020156241332
    }
}