{
    "AX": {
        "error": 0.06408471591631727, 
        "fit": "average_SEM", 
        "value": 0.35524962213304306
    }, 
    "CDD": {
        "error": 8.073381333684033e-05, 
        "fit": "average_SEM", 
        "value": 5.182312452234328e-05
    }, 
    "H1": {
        "error": 0.12312683426409468, 
        "fit": "average_SEM", 
        "value": -0.0388072141206875
    }, 
    "H2": {
        "error": 0.1447040270121305, 
        "fit": "average_SEM", 
        "value": -0.12160234151718517
    }, 
    "L1": {
        "error": 0.16599324374708985, 
        "fit": "average_SEM", 
        "value": -0.07445564417608289
    }, 
    "L2": {
        "error": 0.13894068276388521, 
        "fit": "average_SEM", 
        "value": -0.1349670314333505
    }
}