{
    "AX": {
        "error": 0.06532671225880131, 
        "fit": "average_SEM", 
        "value": 0.3572593534986178
    }, 
    "CDD": {
        "error": 0.00015719692349250774, 
        "fit": "average_SEM", 
        "value": 0.0001571968133147392
    }, 
    "H1": {
        "error": 0.14439113808165102, 
        "fit": "average_SEM", 
        "value": -0.020734642872250537
    }, 
    "H2": {
        "error": 0.16483330082007913, 
        "fit": "average_SEM", 
        "value": 0.1460066975443624
    }, 
    "L1": {
        "error": 0.15046753255004097, 
        "fit": "average_SEM", 
        "value": -0.10235883893134694
    }, 
    "L2": {
        "error": 0.1440461207859062, 
        "fit": "average_SEM", 
        "value": -0.11126202179714002
    }
}