{
    "AX": {
        "error": 0.0850729211353505, 
        "fit": "average_SEM", 
        "value": 0.358444487882985
    }, 
    "CDD": {
        "error": 0.00016020120261350622, 
        "fit": "average_SEM", 
        "value": 0.0001813809397087122
    }, 
    "H1": {
        "error": 0.12551247630899445, 
        "fit": "average_SEM", 
        "value": -0.022630544105130764
    }, 
    "H2": {
        "error": 0.16289958147700784, 
        "fit": "average_SEM", 
        "value": -0.10994744427864336
    }, 
    "L1": {
        "error": 0.12889950134581019, 
        "fit": "average_SEM", 
        "value": -0.09966590151759899
    }, 
    "L2": {
        "error": 0.1280405755686111, 
        "fit": "average_SEM", 
        "value": -0.09429539047931838
    }
}