{
    "AX": {
        "error": 0.0580161161964593, 
        "fit": "average_SEM", 
        "value": 0.0062926633775027266
    }, 
    "CDD": {
        "error": 0.00015696640399161138, 
        "fit": "average_SEM", 
        "value": 0.00014683218938039822
    }, 
    "H1": {
        "error": 0.12829339918778143, 
        "fit": "average_SEM", 
        "value": -0.020170080845127815
    }, 
    "H2": {
        "error": 0.11812036702679976, 
        "fit": "average_SEM", 
        "value": -0.30676761128836205
    }, 
    "L1": {
        "error": 0.23291225405969507, 
        "fit": "average_SEM", 
        "value": 0.003976048389449716
    }, 
    "L2": {
        "error": 0.1397085030882311, 
        "fit": "average_SEM", 
        "value": -0.03743423078817108
    }
}