{
    "AX": {
        "error": 0.06283754023073972, 
        "fit": "average_SEM", 
        "value": 0.006798376166261733
    }, 
    "CDD": {
        "error": 0.00010730816630047503, 
        "fit": "average_SEM", 
        "value": 8.291699923574924e-05
    }, 
    "H1": {
        "error": 0.1265940811175029, 
        "fit": "average_SEM", 
        "value": -0.01156129703287863
    }, 
    "H2": {
        "error": 0.12333590074893168, 
        "fit": "average_SEM", 
        "value": -0.26255257718989417
    }, 
    "L1": {
        "error": 0.25366394906231776, 
        "fit": "average_SEM", 
        "value": -0.02306378529821005
    }, 
    "L2": {
        "error": 0.1244637565816721, 
        "fit": "average_SEM", 
        "value": -0.016436252061329367
    }
}