{
    "AX": {
        "error": 0.06110848255981558, 
        "fit": "average_SEM", 
        "value": -0.0031209731620037927
    }, 
    "CDD": {
        "error": 0.00013353207570261622, 
        "fit": "average_SEM", 
        "value": 0.00010537368814564414
    }, 
    "H1": {
        "error": 0.136542696710138, 
        "fit": "average_SEM", 
        "value": -0.02183094865694228
    }, 
    "H2": {
        "error": 0.1114892928834235, 
        "fit": "average_SEM", 
        "value": -0.30662100373042955
    }, 
    "L1": {
        "error": 0.1458240201068938, 
        "fit": "average_SEM", 
        "value": 0.06920014139743419
    }, 
    "L2": {
        "error": 0.1311719431504784, 
        "fit": "average_SEM", 
        "value": -0.05492992055757592
    }
}