{
    "AX": {
        "error": 0.05580307466955696, 
        "fit": "average_SEM", 
        "value": -0.0068119080944193736
    }, 
    "CDD": {
        "error": 0.0001382726177074276, 
        "fit": "average_SEM", 
        "value": 0.00013474012505159609
    }, 
    "H1": {
        "error": 0.1119386437613681, 
        "fit": "average_SEM", 
        "value": -0.024531017434007176
    }, 
    "H2": {
        "error": 0.12297849147394006, 
        "fit": "average_SEM", 
        "value": -0.2882434287160221
    }, 
    "L1": {
        "error": 0.14525527168954291, 
        "fit": "average_SEM", 
        "value": 0.1058118806932018
    }, 
    "L2": {
        "error": 0.12443385269903903, 
        "fit": "average_SEM", 
        "value": -0.05477621646597173
    }
}