{
    "AX": {
        "error": 0.06020620783167195, 
        "fit": "average_SEM", 
        "value": -1.6807189967948944e-05
    }, 
    "CDD": {
        "error": 0.00011569760346711474, 
        "fit": "average_SEM", 
        "value": 0.00010710112433621867
    }, 
    "H1": {
        "error": 0.11501318011481432, 
        "fit": "average_SEM", 
        "value": -0.03648241971354259
    }, 
    "H2": {
        "error": 0.11651750683769574, 
        "fit": "average_SEM", 
        "value": -0.3092747769422001
    }, 
    "L1": {
        "error": 0.25898664992108134, 
        "fit": "average_SEM", 
        "value": -0.05820215464207447
    }, 
    "L2": {
        "error": 0.12801925617014726, 
        "fit": "average_SEM", 
        "value": -0.05774599061599777
    }
}