{
    "AX": {
        "error": 0.06085938123058229, 
        "fit": "average_SEM", 
        "value": -0.006519449028807382
    }, 
    "CDD": {
        "error": 0.00015004693567289857, 
        "fit": "average_SEM", 
        "value": 0.00015028706370180266
    }, 
    "H1": {
        "error": 0.1253782220875264, 
        "fit": "average_SEM", 
        "value": -0.003536863429083799
    }, 
    "H2": {
        "error": 0.12435394323818652, 
        "fit": "average_SEM", 
        "value": -0.30588246883514025
    }, 
    "L1": {
        "error": 0.21646546875061107, 
        "fit": "average_SEM", 
        "value": -0.011086208531196462
    }, 
    "L2": {
        "error": 0.12631605778850027, 
        "fit": "average_SEM", 
        "value": -0.054148308560898945
    }
}