{
    "AX": {
        "error": 0.06063824025237428, 
        "fit": "average_SEM", 
        "value": 0.013445779430266055
    }, 
    "CDD": {
        "error": 0.00017197440377163026, 
        "fit": "average_SEM", 
        "value": 0.000150287065642058
    }, 
    "H1": {
        "error": 0.13079595318835724, 
        "fit": "average_SEM", 
        "value": -0.017064666548847324
    }, 
    "H2": {
        "error": 0.10218706056554716, 
        "fit": "average_SEM", 
        "value": -0.28321526389982965
    }, 
    "L1": {
        "error": 0.23953715044254978, 
        "fit": "average_SEM", 
        "value": -0.027097839730170867
    }, 
    "L2": {
        "error": 0.13124506203422157, 
        "fit": "average_SEM", 
        "value": -0.03455121680680248
    }
}