{
    "AX": {
        "error": 0.05579366816299529, 
        "fit": "average_SEM", 
        "value": 0.005761854566581961
    }, 
    "CDD": {
        "error": 0.00018202447453030367, 
        "fit": "average_SEM", 
        "value": 0.00015546937777091645
    }, 
    "H1": {
        "error": 0.12508185123619306, 
        "fit": "average_SEM", 
        "value": 0.0065065041779436995
    }, 
    "H2": {
        "error": 0.11556595019795102, 
        "fit": "average_SEM", 
        "value": -0.30609702116085424
    }, 
    "L1": {
        "error": 0.21060372327881918, 
        "fit": "average_SEM", 
        "value": 0.015441214207870264
    }, 
    "L2": {
        "error": 0.14085907824036986, 
        "fit": "average_SEM", 
        "value": -0.058910812437534335
    }
}