{
    "AX": {
        "error": 0.06024788098564956, 
        "fit": "average_SEM", 
        "value": 0.0024332022161818005
    }, 
    "CDD": {
        "error": 0.00012382353702183727, 
        "fit": "average_SEM", 
        "value": 7.427981310886228e-05
    }, 
    "H1": {
        "error": 0.13175899601355145, 
        "fit": "average_SEM", 
        "value": -0.022535725551683247
    }, 
    "H2": {
        "error": 0.12177399901783952, 
        "fit": "average_SEM", 
        "value": -0.301050531781382
    }, 
    "L1": {
        "error": 0.23185519114987868, 
        "fit": "average_SEM", 
        "value": -0.09561086003280556
    }, 
    "L2": {
        "error": 0.1304801060445276, 
        "fit": "average_SEM", 
        "value": -0.04479814553115931
    }
}