{
    "AX": {
        "error": 0.06023365474870802, 
        "fit": "average_SEM", 
        "value": -0.0006065824495938917
    }, 
    "CDD": {
        "error": 0.00014197662309859286, 
        "fit": "average_SEM", 
        "value": 8.637187614416083e-05
    }, 
    "H1": {
        "error": 0.1263233989982137, 
        "fit": "average_SEM", 
        "value": -0.010740195536830774
    }, 
    "H2": {
        "error": 0.11902980678326874, 
        "fit": "average_SEM", 
        "value": -0.28357929765350287
    }, 
    "L1": {
        "error": 0.26162104658256546, 
        "fit": "average_SEM", 
        "value": -0.08109194498198728
    }, 
    "L2": {
        "error": 0.14790752370300142, 
        "fit": "average_SEM", 
        "value": -0.021189527878434294
    }
}