{
    "AX": {
        "error": 0.056028607532326705, 
        "fit": "average_SEM", 
        "value": 0.010704896839585368
    }, 
    "CDD": {
        "error": 0.00012367722903148384, 
        "fit": "average_SEM", 
        "value": 0.00010191881253073613
    }, 
    "H1": {
        "error": 0.13272544379344237, 
        "fit": "average_SEM", 
        "value": -0.02531685150331921
    }, 
    "H2": {
        "error": 0.09882377215961273, 
        "fit": "average_SEM", 
        "value": -0.27345171951585345
    }, 
    "L1": {
        "error": 0.2610841030556677, 
        "fit": "average_SEM", 
        "value": -0.023269212546033993
    }, 
    "L2": {
        "error": 0.130053269802131, 
        "fit": "average_SEM", 
        "value": -0.029417654758112297
    }
}