{
    "AX": {
        "error": 0.061234736591758265, 
        "fit": "average_SEM", 
        "value": 0.0026147282805242056
    }, 
    "CDD": {
        "error": 0.00011524027415012879, 
        "fit": "average_SEM", 
        "value": 9.846393723920402e-05
    }, 
    "H1": {
        "error": 0.12933547415899663, 
        "fit": "average_SEM", 
        "value": -0.005407115452301999
    }, 
    "H2": {
        "error": 0.1134255316675865, 
        "fit": "average_SEM", 
        "value": -0.28215173275934324
    }, 
    "L1": {
        "error": 0.22020336039926303, 
        "fit": "average_SEM", 
        "value": -0.08936262595363789
    }, 
    "L2": {
        "error": 0.15343700751108555, 
        "fit": "average_SEM", 
        "value": -0.03231228235656292
    }
}