{
    "AX": {
        "error": 0.05838063568683376, 
        "fit": "average_SEM", 
        "value": 0.014541330742374865
    }, 
    "CDD": {
        "error": 0.00011237671332407354, 
        "fit": "average_SEM", 
        "value": 7.77346871068908e-05
    }, 
    "H1": {
        "error": 0.13813285987382673, 
        "fit": "average_SEM", 
        "value": -0.014962090122409993
    }, 
    "H2": {
        "error": 0.1161643340660261, 
        "fit": "average_SEM", 
        "value": -0.2894031151922213
    }, 
    "L1": {
        "error": 0.23446085723765345, 
        "fit": "average_SEM", 
        "value": 0.0018295443332236674
    }, 
    "L2": {
        "error": 0.13368463135008934, 
        "fit": "average_SEM", 
        "value": -0.022576767777920597
    }
}