{
    "AX": {
        "error": 0.06177103297136429, 
        "fit": "average_SEM", 
        "value": -0.005276018928270787
    }, 
    "CDD": {
        "error": 0.00012430997773901794, 
        "fit": "average_SEM", 
        "value": 9.846393756257991e-05
    }, 
    "H1": {
        "error": 0.1253001745216915, 
        "fit": "average_SEM", 
        "value": -0.011321816887033896
    }, 
    "H2": {
        "error": 0.11062152038151353, 
        "fit": "average_SEM", 
        "value": -0.29034024220373894
    }, 
    "L1": {
        "error": 0.2069749137946676, 
        "fit": "average_SEM", 
        "value": -0.0038116365800508196
    }, 
    "L2": {
        "error": 0.13396121083856946, 
        "fit": "average_SEM", 
        "value": -0.043877367044883105
    }
}