{
    "AX": {
        "error": 0.05775990741317075, 
        "fit": "average_SEM", 
        "value": 0.0014048145961068157
    }, 
    "CDD": {
        "error": 0.0001397919060946816, 
        "fit": "average_SEM", 
        "value": 0.00015201450053912898
    }, 
    "H1": {
        "error": 0.1294890891377469, 
        "fit": "average_SEM", 
        "value": -0.04012235563326006
    }, 
    "H2": {
        "error": 0.12418828519040061, 
        "fit": "average_SEM", 
        "value": -0.289517751361321
    }, 
    "L1": {
        "error": 0.23425878872145436, 
        "fit": "average_SEM", 
        "value": -0.02735726743153969
    }, 
    "L2": {
        "error": 0.1383288248092364, 
        "fit": "average_SEM", 
        "value": -0.038889458529754645
    }
}