{
    "AX": {
        "error": 0.05560036979012269, 
        "fit": "average_SEM", 
        "value": 0.004712902166001085
    }, 
    "CDD": {
        "error": 0.0001432461839653208, 
        "fit": "average_SEM", 
        "value": 0.00012092062582572302
    }, 
    "H1": {
        "error": 0.13749527223965402, 
        "fit": "average_SEM", 
        "value": -0.018903152810202703
    }, 
    "H2": {
        "error": 0.12531771924434235, 
        "fit": "average_SEM", 
        "value": -0.2785326563184046
    }, 
    "L1": {
        "error": 0.24341663813878797, 
        "fit": "average_SEM", 
        "value": -0.07716587199312118
    }, 
    "L2": {
        "error": 0.12471412779593785, 
        "fit": "average_SEM", 
        "value": -0.030933533082457467
    }
}