{
    "AX": {
        "error": 0.05719277031487224, 
        "fit": "average_SEM", 
        "value": 0.0016648634414499004
    }, 
    "CDD": {
        "error": 0.00011476797808595884, 
        "fit": "average_SEM", 
        "value": 7.77346877536426e-05
    }, 
    "H1": {
        "error": 0.1390152811699071, 
        "fit": "average_SEM", 
        "value": -0.022527386227415666
    }, 
    "H2": {
        "error": 0.11489816125530838, 
        "fit": "average_SEM", 
        "value": -0.30382010920180214
    }, 
    "L1": {
        "error": 0.21981253497311776, 
        "fit": "average_SEM", 
        "value": 0.023447014946335307
    }, 
    "L2": {
        "error": 0.14166506997566097, 
        "fit": "average_SEM", 
        "value": -0.04938331954439895
    }
}