{
    "AX": {
        "error": 0.06004274035723301, 
        "fit": "average_SEM", 
        "value": 0.00011321215295336312
    }, 
    "CDD": {
        "error": 0.0001732331531839225, 
        "fit": "average_SEM", 
        "value": 0.0001813809406788399
    }, 
    "H1": {
        "error": 0.10973710364842543, 
        "fit": "average_SEM", 
        "value": 0.003155817672248102
    }, 
    "H2": {
        "error": 0.1132325602334814, 
        "fit": "average_SEM", 
        "value": -0.2799382402561605
    }, 
    "L1": {
        "error": 0.2314105033592645, 
        "fit": "average_SEM", 
        "value": -0.04120371851927808
    }, 
    "L2": {
        "error": 0.1323498627432812, 
        "fit": "average_SEM", 
        "value": -0.04839446617665494
    }
}