{
    "AX": {
        "error": 0.05433450018330069, 
        "fit": "average_SEM", 
        "value": -0.004795873350243104
    }, 
    "CDD": {
        "error": 0.00012986605686212446, 
        "fit": "average_SEM", 
        "value": 0.00011919318737151722
    }, 
    "H1": {
        "error": 0.12676238976196263, 
        "fit": "average_SEM", 
        "value": -0.027223790848317244
    }, 
    "H2": {
        "error": 0.11835837236268529, 
        "fit": "average_SEM", 
        "value": -0.2890597692069908
    }, 
    "L1": {
        "error": 0.21126363210535143, 
        "fit": "average_SEM", 
        "value": 0.012783004177941216
    }, 
    "L2": {
        "error": 0.1268017111545387, 
        "fit": "average_SEM", 
        "value": -0.04791105546108965
    }
}