{
    "AX": {
        "error": 0.05523555097082348, 
        "fit": "average_SEM", 
        "value": 0.002058718804295899
    }, 
    "CDD": {
        "error": 0.00010971363851063072, 
        "fit": "average_SEM", 
        "value": 7.082493749395426e-05
    }, 
    "H1": {
        "error": 0.14002203061190135, 
        "fit": "average_SEM", 
        "value": -0.023420435368017127
    }, 
    "H2": {
        "error": 0.11524875974217551, 
        "fit": "average_SEM", 
        "value": -0.30590773322102094
    }, 
    "L1": {
        "error": 0.24738585664614052, 
        "fit": "average_SEM", 
        "value": -0.08874826073232624
    }, 
    "L2": {
        "error": 0.13473188544155137, 
        "fit": "average_SEM", 
        "value": -0.047420494890280274
    }
}