{
    "AX": {
        "error": 0.06738511482604835, 
        "fit": "average_SEM", 
        "value": 0.0017301515507925716
    }, 
    "CDD": {
        "error": 0.00010451602540450179, 
        "fit": "average_SEM", 
        "value": 8.637187485065725e-05
    }, 
    "H1": {
        "error": 0.1349627883959929, 
        "fit": "average_SEM", 
        "value": -0.023246781233724
    }, 
    "H2": {
        "error": 0.12690230357400273, 
        "fit": "average_SEM", 
        "value": -0.29544121594064765
    }, 
    "L1": {
        "error": 0.27085151386278383, 
        "fit": "average_SEM", 
        "value": -0.1554342472848172
    }, 
    "L2": {
        "error": 0.13155606797180608, 
        "fit": "average_SEM", 
        "value": -0.04320485622544463
    }
}