{
    "AX": {
        "error": 0.055110553804719, 
        "fit": "average_SEM", 
        "value": -0.0017621220516351361
    }, 
    "CDD": {
        "error": 0.0001526686054760093, 
        "fit": "average_SEM", 
        "value": 0.00014855962589434865
    }, 
    "H1": {
        "error": 0.12300135874955541, 
        "fit": "average_SEM", 
        "value": -0.007002445691937788
    }, 
    "H2": {
        "error": 0.12877410800389008, 
        "fit": "average_SEM", 
        "value": -0.28003160253994996
    }, 
    "L1": {
        "error": 0.23631162783198637, 
        "fit": "average_SEM", 
        "value": -0.025566522378681435
    }, 
    "L2": {
        "error": 0.13419656949279202, 
        "fit": "average_SEM", 
        "value": -0.05800777476203318
    }
}