{
    "AX": {
        "error": 0.06127477725446703, 
        "fit": "average_SEM", 
        "value": 0.0013911725668650534
    }, 
    "CDD": {
        "error": 0.00013717711261562293, 
        "fit": "average_SEM", 
        "value": 0.00016928887537991008
    }, 
    "H1": {
        "error": 0.12768100385873016, 
        "fit": "average_SEM", 
        "value": -0.00393074854897956
    }, 
    "H2": {
        "error": 0.12088956275255187, 
        "fit": "average_SEM", 
        "value": -0.2786069166329172
    }, 
    "L1": {
        "error": 0.15043570929416422, 
        "fit": "average_SEM", 
        "value": 0.08245387242382599
    }, 
    "L2": {
        "error": 0.12384437064376955, 
        "fit": "average_SEM", 
        "value": -0.04812337459685902
    }
}