{
    "AX": {
        "error": 0.0599899284171528, 
        "fit": "average_SEM", 
        "value": -0.011238696847835348
    }, 
    "CDD": {
        "error": 0.00014646466696053987, 
        "fit": "average_SEM", 
        "value": 0.00015374193866995886
    }, 
    "H1": {
        "error": 0.12483139727207475, 
        "fit": "average_SEM", 
        "value": 0.023866563375728827
    }, 
    "H2": {
        "error": 0.1229592606045161, 
        "fit": "average_SEM", 
        "value": 0.19380903104320168
    }, 
    "L1": {
        "error": 0.18218949827206044, 
        "fit": "average_SEM", 
        "value": -0.09486017500102106
    }, 
    "L2": {
        "error": 0.12696903256318554, 
        "fit": "average_SEM", 
        "value": -0.14363242687629987
    }
}