{
    "AX": {
        "error": 0.05963781735963745, 
        "fit": "average_SEM", 
        "value": -0.01815275574206478
    }, 
    "CDD": {
        "error": 0.00011878616258580434, 
        "fit": "average_SEM", 
        "value": 8.982674981881347e-05
    }, 
    "H1": {
        "error": 0.11767539344190822, 
        "fit": "average_SEM", 
        "value": 0.012689629890842803
    }, 
    "H2": {
        "error": 0.11833308488829872, 
        "fit": "average_SEM", 
        "value": 0.152495992971429
    }, 
    "L1": {
        "error": 0.1914652568014172, 
        "fit": "average_SEM", 
        "value": -0.14335834343995277
    }, 
    "L2": {
        "error": 0.12475002051832516, 
        "fit": "average_SEM", 
        "value": -0.12313519255775544
    }
}