{
    "AX": {
        "error": 0.050087090354841074, 
        "fit": "average_SEM", 
        "value": -0.018550662745514677
    }, 
    "CDD": {
        "error": 8.412014694102882e-05, 
        "fit": "average_SEM", 
        "value": 4.318593742532863e-05
    }, 
    "H1": {
        "error": 0.13271970029138128, 
        "fit": "average_SEM", 
        "value": -0.004019334958866238
    }, 
    "H2": {
        "error": 0.12534684268833426, 
        "fit": "average_SEM", 
        "value": 0.19298701541912225
    }, 
    "L1": {
        "error": 0.20008877151814491, 
        "fit": "average_SEM", 
        "value": -0.12320677124791675
    }, 
    "L2": {
        "error": 0.12441677297844328, 
        "fit": "average_SEM", 
        "value": -0.1351903829943492
    }
}