{
    "AX": {
        "error": 0.060973238089174014, 
        "fit": "average_SEM", 
        "value": -0.007777952709390471
    }, 
    "CDD": {
        "error": 7.747221663591242e-05, 
        "fit": "average_SEM", 
        "value": 3.6276187165640296e-05
    }, 
    "H1": {
        "error": 0.12317243113480984, 
        "fit": "average_SEM", 
        "value": 0.010687982730774415
    }, 
    "H2": {
        "error": 0.11697288768730392, 
        "fit": "average_SEM", 
        "value": 0.20720517207195777
    }, 
    "L1": {
        "error": 0.18143377430056268, 
        "fit": "average_SEM", 
        "value": -0.13750115535650467
    }, 
    "L2": {
        "error": 0.13667937930809437, 
        "fit": "average_SEM", 
        "value": -0.11008154104023965
    }
}