{
    "AX": {
        "error": 0.05133264878209274, 
        "fit": "average_SEM", 
        "value": -0.013908571815894296
    }, 
    "CDD": {
        "error": 0.00011986094349629157, 
        "fit": "average_SEM", 
        "value": 0.00010882856246704856
    }, 
    "H1": {
        "error": 0.14536198314226165, 
        "fit": "average_SEM", 
        "value": 0.0023314063269127576
    }, 
    "H2": {
        "error": 0.12543964193557708, 
        "fit": "average_SEM", 
        "value": 0.16534965204450094
    }, 
    "L1": {
        "error": 0.1627316206687005, 
        "fit": "average_SEM", 
        "value": -0.17310294004467627
    }, 
    "L2": {
        "error": 0.14228801448080372, 
        "fit": "average_SEM", 
        "value": -0.17810472002408156
    }
}