{
    "AX": {
        "error": 0.057160257751718985, 
        "fit": "average_SEM", 
        "value": -0.0174535270081833
    }, 
    "CDD": {
        "error": 0.00015323088707826357, 
        "fit": "average_SEM", 
        "value": 0.0001433773137654902
    }, 
    "H1": {
        "error": 0.11885266687451206, 
        "fit": "average_SEM", 
        "value": 0.01183362547825608
    }, 
    "H2": {
        "error": 0.12348991264681851, 
        "fit": "average_SEM", 
        "value": 0.16778998402878642
    }, 
    "L1": {
        "error": 0.17180249775362674, 
        "fit": "average_SEM", 
        "value": -0.1778412248292524
    }, 
    "L2": {
        "error": 0.14253187079760116, 
        "fit": "average_SEM", 
        "value": -0.1774018681239492
    }
}