{
    "AX": {
        "error": 0.057661281483698104, 
        "fit": "average_SEM", 
        "value": -0.014676319308475488
    }, 
    "CDD": {
        "error": 7.838220515049198e-05, 
        "fit": "average_SEM", 
        "value": 3.8003624649718407e-05
    }, 
    "H1": {
        "error": 0.12377193600691072, 
        "fit": "average_SEM", 
        "value": -0.026051876725654843
    }, 
    "H2": {
        "error": 0.11475933657584989, 
        "fit": "average_SEM", 
        "value": 0.17186383486001028
    }, 
    "L1": {
        "error": 0.22155663894252312, 
        "fit": "average_SEM", 
        "value": -0.11787802003737953
    }, 
    "L2": {
        "error": 0.1462050856973534, 
        "fit": "average_SEM", 
        "value": -0.17271679632702014
    }
}