{
    "AX": {
        "error": 0.06760806423948242, 
        "fit": "average_SEM", 
        "value": -0.014469656819063757
    }, 
    "CDD": {
        "error": 0.0001498859613683859, 
        "fit": "average_SEM", 
        "value": 0.00014683218873364645
    }, 
    "H1": {
        "error": 0.12994427668105843, 
        "fit": "average_SEM", 
        "value": -0.006220759729492582
    }, 
    "H2": {
        "error": 0.11098743532158063, 
        "fit": "average_SEM", 
        "value": 0.1627493858932414
    }, 
    "L1": {
        "error": 0.2031203900549398, 
        "fit": "average_SEM", 
        "value": -0.12965771146636043
    }, 
    "L2": {
        "error": 0.13067710117113027, 
        "fit": "average_SEM", 
        "value": -0.1596946710254997
    }
}