{
    "AX": {
        "error": 0.05783435058766457, 
        "fit": "average_SEM", 
        "value": -0.008418336559164649
    }, 
    "CDD": {
        "error": 0.0001594838217128755, 
        "fit": "average_SEM", 
        "value": 0.00013646756415255367
    }, 
    "H1": {
        "error": 0.13371889627202607, 
        "fit": "average_SEM", 
        "value": -0.013181349097026718
    }, 
    "H2": {
        "error": 0.12237024867313356, 
        "fit": "average_SEM", 
        "value": 0.15693445483533044
    }, 
    "L1": {
        "error": 0.19718299397280958, 
        "fit": "average_SEM", 
        "value": -0.1651116125505521
    }, 
    "L2": {
        "error": 0.14587571056124665, 
        "fit": "average_SEM", 
        "value": -0.20278190936078316
    }
}