{
    "AX": {
        "error": 0.06009905947813237, 
        "fit": "average_SEM", 
        "value": -0.0073020676163853045
    }, 
    "CDD": {
        "error": 0.00013488114394439546, 
        "fit": "average_SEM", 
        "value": 0.00012264806233967343
    }, 
    "H1": {
        "error": 0.13398354693826356, 
        "fit": "average_SEM", 
        "value": -0.024524515621467596
    }, 
    "H2": {
        "error": 0.12961585825713395, 
        "fit": "average_SEM", 
        "value": 0.1630781722979413
    }, 
    "L1": {
        "error": 0.1813823453803381, 
        "fit": "average_SEM", 
        "value": -0.1606443065490263
    }, 
    "L2": {
        "error": 0.12352677598778378, 
        "fit": "average_SEM", 
        "value": -0.185555051246451
    }
}