{
    "AX": {
        "error": 0.0629435691214262, 
        "fit": "average_SEM", 
        "value": -0.012292493945763757
    }, 
    "CDD": {
        "error": 0.0002122979352239744, 
        "fit": "average_SEM", 
        "value": 0.00024529613082348886
    }, 
    "H1": {
        "error": 0.11677019181790349, 
        "fit": "average_SEM", 
        "value": 0.0015267605246562096
    }, 
    "H2": {
        "error": 0.12990939684359729, 
        "fit": "average_SEM", 
        "value": -0.09973970687327285
    }, 
    "L1": {
        "error": 0.1855556659277674, 
        "fit": "average_SEM", 
        "value": -0.17461321601278743
    }, 
    "L2": {
        "error": 0.14244479962367282, 
        "fit": "average_SEM", 
        "value": -0.18579329307604994
    }
}