{
    "AX": {
        "error": 0.05674673073810595, 
        "fit": "average_SEM", 
        "value": -0.009248644661581946
    }, 
    "CDD": {
        "error": 0.0001053929363573915, 
        "fit": "average_SEM", 
        "value": 5.70054372979535e-05
    }, 
    "H1": {
        "error": 0.12358434873291987, 
        "fit": "average_SEM", 
        "value": -0.041215270148434985
    }, 
    "H2": {
        "error": 0.09977443248556087, 
        "fit": "average_SEM", 
        "value": -0.10904330927878618
    }, 
    "L1": {
        "error": 0.20605463031693225, 
        "fit": "average_SEM", 
        "value": -0.17696354896761476
    }, 
    "L2": {
        "error": 0.14876086475048514, 
        "fit": "average_SEM", 
        "value": -0.17104825489999106
    }
}