{
    "AX": {
        "error": 0.059554862919166666, 
        "fit": "average_SEM", 
        "value": -0.015191595991038614
    }, 
    "CDD": {
        "error": 0.00014261281579149907, 
        "fit": "average_SEM", 
        "value": 0.0001381950006665041
    }, 
    "H1": {
        "error": 0.12745288100794286, 
        "fit": "average_SEM", 
        "value": -0.023092435168655355
    }, 
    "H2": {
        "error": 0.13079302264045484, 
        "fit": "average_SEM", 
        "value": -0.12642452938533905
    }, 
    "L1": {
        "error": 0.193808689657357, 
        "fit": "average_SEM", 
        "value": -0.16647527762171294
    }, 
    "L2": {
        "error": 0.13361367252817996, 
        "fit": "average_SEM", 
        "value": -0.19110793939196608
    }
}