{
    "AX": {
        "error": 0.0637489162147097, 
        "fit": "average_SEM", 
        "value": -0.012446281713427097
    }, 
    "CDD": {
        "error": 0.00015384996396872202, 
        "fit": "average_SEM", 
        "value": 0.00012783037543865955
    }, 
    "H1": {
        "error": 0.11927857597586855, 
        "fit": "average_SEM", 
        "value": -0.024417011067271233
    }, 
    "H2": {
        "error": 0.12778415719367434, 
        "fit": "average_SEM", 
        "value": -0.109965195543676
    }, 
    "L1": {
        "error": 0.1558201793106112, 
        "fit": "average_SEM", 
        "value": -0.16118205276110933
    }, 
    "L2": {
        "error": 0.146636027371071, 
        "fit": "average_SEM", 
        "value": -0.19131402794090618
    }
}