{
    "AX": {
        "error": 0.05232129540295813, 
        "fit": "average_SEM", 
        "value": -0.005890973799655007
    }, 
    "CDD": {
        "error": 0.00012030070942159347, 
        "fit": "average_SEM", 
        "value": 0.00010710112498297046
    }, 
    "H1": {
        "error": 0.12115087105260847, 
        "fit": "average_SEM", 
        "value": -0.004405415710061788
    }, 
    "H2": {
        "error": 0.12773671367371037, 
        "fit": "average_SEM", 
        "value": -0.10554776200895301
    }, 
    "L1": {
        "error": 0.18027524283096721, 
        "fit": "average_SEM", 
        "value": -0.1525853043758414
    }, 
    "L2": {
        "error": 0.1085639283837165, 
        "fit": "average_SEM", 
        "value": -0.17855863073944217
    }
}