{
    "AX": {
        "error": 0.05669569229299409, 
        "fit": "average_SEM", 
        "value": -0.008252046526629581
    }, 
    "CDD": {
        "error": 0.0001022392211232154, 
        "fit": "average_SEM", 
        "value": 7.946212426759302e-05
    }, 
    "H1": {
        "error": 0.12295695063651398, 
        "fit": "average_SEM", 
        "value": -0.027559792672076987
    }, 
    "H2": {
        "error": 0.12262375517295074, 
        "fit": "average_SEM", 
        "value": -0.11249990673515842
    }, 
    "L1": {
        "error": 0.22680934940947312, 
        "fit": "average_SEM", 
        "value": -0.1571196521800529
    }, 
    "L2": {
        "error": 0.11547925682134735, 
        "fit": "average_SEM", 
        "value": -0.18018640269421868
    }
}