{
    "AX": {
        "error": 0.05805758640200489, 
        "fit": "average_SEM", 
        "value": -0.022140974729942777
    }, 
    "CDD": {
        "error": 8.259977642268495e-05, 
        "fit": "average_SEM", 
        "value": 3.973106213379651e-05
    }, 
    "H1": {
        "error": 0.14767299007899126, 
        "fit": "average_SEM", 
        "value": -0.014384088163367576
    }, 
    "H2": {
        "error": 0.11013151500448136, 
        "fit": "average_SEM", 
        "value": -0.1104286729164111
    }, 
    "L1": {
        "error": 0.17494341828011878, 
        "fit": "average_SEM", 
        "value": -0.1843628323223028
    }, 
    "L2": {
        "error": 0.13423370555661773, 
        "fit": "average_SEM", 
        "value": -0.178652727836743
    }
}