{
    "AX": {
        "error": 0.060188778448511296, 
        "fit": "average_SEM", 
        "value": -0.011012603480937994
    }, 
    "CDD": {
        "error": 0.0001264758186213255, 
        "fit": "average_SEM", 
        "value": 0.00010882856214367267
    }, 
    "H1": {
        "error": 0.11744225001745726, 
        "fit": "average_SEM", 
        "value": -0.014713088842432222
    }, 
    "H2": {
        "error": 0.12563501680473596, 
        "fit": "average_SEM", 
        "value": -0.11437781039470186
    }, 
    "L1": {
        "error": 0.16658808471432407, 
        "fit": "average_SEM", 
        "value": -0.16240139552909466
    }, 
    "L2": {
        "error": 0.12719762708254528, 
        "fit": "average_SEM", 
        "value": -0.1895062231200023
    }
}