{
    "AX": {
        "error": 0.0623062905355106, 
        "fit": "average_SEM", 
        "value": 0.00012095483285116239
    }, 
    "CDD": {
        "error": 7.573901435693216e-05, 
        "fit": "average_SEM", 
        "value": 3.973106213379651e-05
    }, 
    "H1": {
        "error": 0.14389973505653864, 
        "fit": "average_SEM", 
        "value": 0.006950734436718954
    }, 
    "H2": {
        "error": 0.13042228983756443, 
        "fit": "average_SEM", 
        "value": -0.11446206165322413
    }, 
    "L1": {
        "error": 0.2196793061085947, 
        "fit": "average_SEM", 
        "value": -0.15310651234144138
    }, 
    "L2": {
        "error": 0.14756227299158847, 
        "fit": "average_SEM", 
        "value": -0.17270703425423967
    }
}