{
    "AX": {
        "error": 0.0659877324097192, 
        "fit": "average_SEM", 
        "value": -0.005589542672452
    }, 
    "CDD": {
        "error": 8.816607911843158e-05, 
        "fit": "average_SEM", 
        "value": 5.527799981387539e-05
    }, 
    "H1": {
        "error": 0.10600525489703802, 
        "fit": "average_SEM", 
        "value": -0.010318418834746506
    }, 
    "H2": {
        "error": 0.12474673143559294, 
        "fit": "average_SEM", 
        "value": -0.12244004133648964
    }, 
    "L1": {
        "error": 0.2081819118779727, 
        "fit": "average_SEM", 
        "value": -0.16945611614113051
    }, 
    "L2": {
        "error": 0.11911435761759981, 
        "fit": "average_SEM", 
        "value": -0.1849553000363004
    }
}