{
    "AX": {
        "error": 0.05182656296372379, 
        "fit": "average_SEM", 
        "value": -0.014868588040311199
    }, 
    "CDD": {
        "error": 0.0001571105168978494, 
        "fit": "average_SEM", 
        "value": 0.00013819500098988
    }, 
    "H1": {
        "error": 0.12231954729977589, 
        "fit": "average_SEM", 
        "value": 0.0015145724591598586
    }, 
    "H2": {
        "error": 0.10562930677204542, 
        "fit": "average_SEM", 
        "value": -0.10667257412440247
    }, 
    "L1": {
        "error": 0.17107571936698557, 
        "fit": "average_SEM", 
        "value": -0.16525241698448856
    }, 
    "L2": {
        "error": 0.14247106443784194, 
        "fit": "average_SEM", 
        "value": -0.19023304233042937
    }
}