{
    "AX": {
        "error": 0.05765438431275858, 
        "fit": "average_SEM", 
        "value": -0.0073039827436332415
    }, 
    "CDD": {
        "error": 0.00014235868111783936, 
        "fit": "average_SEM", 
        "value": 0.00011746575118094269
    }, 
    "H1": {
        "error": 0.13160198276771007, 
        "fit": "average_SEM", 
        "value": 0.014697343039895512
    }, 
    "H2": {
        "error": 0.12490653718637265, 
        "fit": "average_SEM", 
        "value": -0.10016609707640277
    }, 
    "L1": {
        "error": 0.2025788469264012, 
        "fit": "average_SEM", 
        "value": -0.16744830466599928
    }, 
    "L2": {
        "error": 0.12049628670460331, 
        "fit": "average_SEM", 
        "value": -0.16205598565801566
    }
}