{
    "AX": {
        "error": 0.0635721894756536, 
        "fit": "average_SEM", 
        "value": -0.02106228175624791
    }, 
    "CDD": {
        "error": 0.00012086376867582336, 
        "fit": "average_SEM", 
        "value": 9.155418665613979e-05
    }, 
    "H1": {
        "error": 0.1281481040328158, 
        "fit": "average_SEM", 
        "value": 0.01299459444384815
    }, 
    "H2": {
        "error": 0.12387104279597681, 
        "fit": "average_SEM", 
        "value": -0.08232294740802092
    }, 
    "L1": {
        "error": 0.17082661929037418, 
        "fit": "average_SEM", 
        "value": -0.13529022685769532
    }, 
    "L2": {
        "error": 0.10647711949054814, 
        "fit": "average_SEM", 
        "value": -0.16288750470719404
    }
}