{
    "AX": {
        "error": 0.056442026683599635, 
        "fit": "average_SEM", 
        "value": -0.009312319980623821
    }, 
    "CDD": {
        "error": 8.287331655685353e-05, 
        "fit": "average_SEM", 
        "value": 4.836824955418706e-05
    }, 
    "H1": {
        "error": 0.1053909262819118, 
        "fit": "average_SEM", 
        "value": 0.017578739154042625
    }, 
    "H2": {
        "error": 0.1323411517587132, 
        "fit": "average_SEM", 
        "value": 0.1787973713905861
    }, 
    "L1": {
        "error": 0.1926570251844049, 
        "fit": "average_SEM", 
        "value": -0.1635766753086096
    }, 
    "L2": {
        "error": 0.14826844477733878, 
        "fit": "average_SEM", 
        "value": -0.11261929851106187
    }
}