{
    "AX": {
        "error": 0.060696422239368615, 
        "fit": "average_SEM", 
        "value": -0.01285324400394327
    }, 
    "CDD": {
        "error": 0.000109438252346118, 
        "fit": "average_SEM", 
        "value": 8.809931233473536e-05
    }, 
    "H1": {
        "error": 0.12282703535919574, 
        "fit": "average_SEM", 
        "value": 0.021361061554246892
    }, 
    "H2": {
        "error": 0.13633143482154333, 
        "fit": "average_SEM", 
        "value": -0.06396142523412386
    }, 
    "L1": {
        "error": 0.22161776591421553, 
        "fit": "average_SEM", 
        "value": -0.13920163328342217
    }, 
    "L2": {
        "error": 0.11917572679499798, 
        "fit": "average_SEM", 
        "value": -0.13780958001087937
    }
}