{
    "AX": {
        "error": 0.05823321615760904, 
        "fit": "average_SEM", 
        "value": -0.010152799524884256
    }, 
    "CDD": {
        "error": 0.00016038945273307703, 
        "fit": "average_SEM", 
        "value": 0.00014683218938039822
    }, 
    "H1": {
        "error": 0.11783760486759946, 
        "fit": "average_SEM", 
        "value": 0.014957360584392315
    }, 
    "H2": {
        "error": 0.1301459237376333, 
        "fit": "average_SEM", 
        "value": -0.07731653303878071
    }, 
    "L1": {
        "error": 0.21532075318990535, 
        "fit": "average_SEM", 
        "value": -0.14570625531551842
    }, 
    "L2": {
        "error": 0.12589158703328335, 
        "fit": "average_SEM", 
        "value": -0.12886591906038422
    }
}