{
    "AX": {
        "error": 0.058826877995966746, 
        "fit": "average_SEM", 
        "value": -0.025086418605706564
    }, 
    "CDD": {
        "error": 0.00014092062179459717, 
        "fit": "average_SEM", 
        "value": 0.00011573831305011279
    }, 
    "H1": {
        "error": 0.1307855452680793, 
        "fit": "average_SEM", 
        "value": 0.0032256503333984356
    }, 
    "H2": {
        "error": 0.1138118062233689, 
        "fit": "average_SEM", 
        "value": -0.07521781997703429
    }, 
    "L1": {
        "error": 0.2413325546073454, 
        "fit": "average_SEM", 
        "value": -0.12716758286890884
    }, 
    "L2": {
        "error": 0.13748221814752623, 
        "fit": "average_SEM", 
        "value": -0.1623109547421336
    }
}