{
    "AX": {
        "error": 0.05937895174663428, 
        "fit": "average_SEM", 
        "value": -0.0111679162700764
    }, 
    "CDD": {
        "error": 0.0001751732302739147, 
        "fit": "average_SEM", 
        "value": 0.00015719681590174636
    }, 
    "H1": {
        "error": 0.11939333930166988, 
        "fit": "average_SEM", 
        "value": 0.006632911728148529
    }, 
    "H2": {
        "error": 0.12074886110020028, 
        "fit": "average_SEM", 
        "value": -0.06291857113440831
    }, 
    "L1": {
        "error": 0.20762132593915616, 
        "fit": "average_SEM", 
        "value": -0.17680928943057855
    }, 
    "L2": {
        "error": 0.10465006497212041, 
        "fit": "average_SEM", 
        "value": -0.12884091519129773
    }
}