{
    "AX": {
        "error": 0.054129968453873877, 
        "fit": "average_SEM", 
        "value": -0.012678969805387573
    }, 
    "CDD": {
        "error": 0.0001671696972847082, 
        "fit": "average_SEM", 
        "value": 0.0002021101904877772
    }, 
    "H1": {
        "error": 0.14681420599633854, 
        "fit": "average_SEM", 
        "value": 0.03426784884068183
    }, 
    "H2": {
        "error": 0.12067489213392273, 
        "fit": "average_SEM", 
        "value": -0.08066906119282875
    }, 
    "L1": {
        "error": 0.19411558160405185, 
        "fit": "average_SEM", 
        "value": -0.17176859082084978
    }, 
    "L2": {
        "error": 0.14304296392918112, 
        "fit": "average_SEM", 
        "value": -0.11847812038742833
    }
}