{
    "AX": {
        "error": 0.0519310995908103, 
        "fit": "average_SEM", 
        "value": -0.011683760392608948
    }, 
    "CDD": {
        "error": 0.00014219961259068721, 
        "fit": "average_SEM", 
        "value": 0.00014337731311873844
    }, 
    "H1": {
        "error": 0.11016451031999473, 
        "fit": "average_SEM", 
        "value": 0.024513377536398668
    }, 
    "H2": {
        "error": 0.12297958793119852, 
        "fit": "average_SEM", 
        "value": -0.07231654215914508
    }, 
    "L1": {
        "error": 0.2333185926895537, 
        "fit": "average_SEM", 
        "value": -0.16537550117613542
    }, 
    "L2": {
        "error": 0.15546361073061069, 
        "fit": "average_SEM", 
        "value": -0.14494674514151282
    }
}