{
    "AX": {
        "error": 0.05970778694291498, 
        "fit": "average_SEM", 
        "value": -0.011402963385141145
    }, 
    "CDD": {
        "error": 0.0001256139652428325, 
        "fit": "average_SEM", 
        "value": 8.809931298148715e-05
    }, 
    "H1": {
        "error": 0.11580686044634626, 
        "fit": "average_SEM", 
        "value": 0.04024641568669014
    }, 
    "H2": {
        "error": 0.11985179417985535, 
        "fit": "average_SEM", 
        "value": -0.08421235710848123
    }, 
    "L1": {
        "error": 0.23100063486540373, 
        "fit": "average_SEM", 
        "value": -0.15740745707363304
    }, 
    "L2": {
        "error": 0.13319702858566493, 
        "fit": "average_SEM", 
        "value": -0.1093832278675917
    }
}