{
    "AX": {
        "error": 0.05909916152224805, 
        "fit": "average_SEM", 
        "value": -0.019358147758369644
    }, 
    "CDD": {
        "error": 0.00014156156323816914, 
        "fit": "average_SEM", 
        "value": 0.00012610293860133325
    }, 
    "H1": {
        "error": 0.129298376779025, 
        "fit": "average_SEM", 
        "value": 0.024693221831694246
    }, 
    "H2": {
        "error": 0.10972976051806665, 
        "fit": "average_SEM", 
        "value": -0.0958660976211023
    }, 
    "L1": {
        "error": 0.21871206657982195, 
        "fit": "average_SEM", 
        "value": -0.14921155764321964
    }, 
    "L2": {
        "error": 0.15201757506971444, 
        "fit": "average_SEM", 
        "value": -0.1391166580013103
    }
}