{
    "AX": {
        "error": 0.055731950782561414, 
        "fit": "average_SEM", 
        "value": -0.014915205798913828
    }, 
    "CDD": {
        "error": 0.00011412198387204881, 
        "fit": "average_SEM", 
        "value": 8.982674949543757e-05
    }, 
    "H1": {
        "error": 0.1348337428011276, 
        "fit": "average_SEM", 
        "value": 0.014413172492802712
    }, 
    "H2": {
        "error": 0.12540754881343244, 
        "fit": "average_SEM", 
        "value": -0.07893752672502564
    }, 
    "L1": {
        "error": 0.20063087415883812, 
        "fit": "average_SEM", 
        "value": -0.12367355995552821
    }, 
    "L2": {
        "error": 0.13760251310663, 
        "fit": "average_SEM", 
        "value": -0.10697595303257307
    }
}