{
    "AX": {
        "error": 0.05736568703399789, 
        "fit": "average_SEM", 
        "value": -0.009014585085808196
    }, 
    "CDD": {
        "error": 0.00013783546066214685, 
        "fit": "average_SEM", 
        "value": 0.00015201450021575308
    }, 
    "H1": {
        "error": 0.141832510156012, 
        "fit": "average_SEM", 
        "value": 0.022278894989803018
    }, 
    "H2": {
        "error": 0.12388159198537117, 
        "fit": "average_SEM", 
        "value": -0.06200312831076897
    }, 
    "L1": {
        "error": 0.21405212253232012, 
        "fit": "average_SEM", 
        "value": -0.1574002440397938
    }, 
    "L2": {
        "error": 0.1344448297779542, 
        "fit": "average_SEM", 
        "value": -0.12707626924255036
    }
}