{
    "AX": {
        "error": 0.05290990935070084, 
        "fit": "average_SEM", 
        "value": -0.018554098930002913
    }, 
    "CDD": {
        "error": 0.00011471537962341135, 
        "fit": "average_SEM", 
        "value": 7.427981278548637e-05
    }, 
    "H1": {
        "error": 0.12500905641271898, 
        "fit": "average_SEM", 
        "value": 0.02996930877626356
    }, 
    "H2": {
        "error": 0.11306720402480253, 
        "fit": "average_SEM", 
        "value": -0.07158444573999279
    }, 
    "L1": {
        "error": 0.19543858773498302, 
        "fit": "average_SEM", 
        "value": -0.10657442454766068
    }, 
    "L2": {
        "error": 0.13650511177515698, 
        "fit": "average_SEM", 
        "value": -0.09992004775623274
    }
}