{
    "AX": {
        "error": 0.06535391199532169, 
        "fit": "average_SEM", 
        "value": -0.012318304845959777
    }, 
    "CDD": {
        "error": 0.00012164767929813319, 
        "fit": "average_SEM", 
        "value": 0.00011055599962775077
    }, 
    "H1": {
        "error": 0.13440487719485075, 
        "fit": "average_SEM", 
        "value": 0.03556902183530231
    }, 
    "H2": {
        "error": 0.13809621442492886, 
        "fit": "average_SEM", 
        "value": -0.04394496312080365
    }, 
    "L1": {
        "error": 0.21444184022539187, 
        "fit": "average_SEM", 
        "value": -0.10253799514224132
    }, 
    "L2": {
        "error": 0.15373261105518482, 
        "fit": "average_SEM", 
        "value": -0.12683567684143782
    }
}