{
    "AX": {
        "error": 0.05482889027176796, 
        "fit": "average_SEM", 
        "value": -0.01170570436386495
    }, 
    "CDD": {
        "error": 0.00012253743347243184, 
        "fit": "average_SEM", 
        "value": 0.00010710112433621867
    }, 
    "H1": {
        "error": 0.1230710667022142, 
        "fit": "average_SEM", 
        "value": 0.0630095500123894
    }, 
    "H2": {
        "error": 0.11882130121170519, 
        "fit": "average_SEM", 
        "value": -0.07144904451755187
    }, 
    "L1": {
        "error": 0.20571439924979285, 
        "fit": "average_SEM", 
        "value": -0.09913367311884132
    }, 
    "L2": {
        "error": 0.14839183938845202, 
        "fit": "average_SEM", 
        "value": -0.11252219331864681
    }
}