{
    "AX": {
        "error": 0.05274215471121331, 
        "fit": "average_SEM", 
        "value": -0.013402645473575427
    }, 
    "CDD": {
        "error": 7.815087497021309e-05, 
        "fit": "average_SEM", 
        "value": 4.491337458603084e-05
    }, 
    "H1": {
        "error": 0.1277879933561019, 
        "fit": "average_SEM", 
        "value": 0.0371403819499796
    }, 
    "H2": {
        "error": 0.11440450035660876, 
        "fit": "average_SEM", 
        "value": -0.06715523670621527
    }, 
    "L1": {
        "error": 0.2186535015605003, 
        "fit": "average_SEM", 
        "value": -0.09347290267340011
    }, 
    "L2": {
        "error": 0.11782283543596497, 
        "fit": "average_SEM", 
        "value": -0.08957062799535277
    }
}