{
    "AX": {
        "error": 0.061594427461901184, 
        "fit": "average_SEM", 
        "value": -0.017520963961982893
    }, 
    "CDD": {
        "error": 0.00011476797697850842, 
        "fit": "average_SEM", 
        "value": 7.773468743026671e-05
    }, 
    "H1": {
        "error": 0.13459625269385916, 
        "fit": "average_SEM", 
        "value": 0.03652179532154049
    }, 
    "H2": {
        "error": 0.1255457507888446, 
        "fit": "average_SEM", 
        "value": -0.0667090464137598
    }, 
    "L1": {
        "error": 0.2173745423744355, 
        "fit": "average_SEM", 
        "value": -0.09216656657582563
    }, 
    "L2": {
        "error": 0.12543020272146158, 
        "fit": "average_SEM", 
        "value": -0.09727540605623895
    }
}