{
    "AX": {
        "error": 0.0464785838216797, 
        "fit": "average_SEM", 
        "value": -0.004277596773722002
    }, 
    "CDD": {
        "error": 0.00016998894680616734, 
        "fit": "average_SEM", 
        "value": 0.00018656325280769833
    }, 
    "H1": {
        "error": 0.12398903891788003, 
        "fit": "average_SEM", 
        "value": 0.06294935386395081
    }, 
    "H2": {
        "error": 0.13690485361699317, 
        "fit": "average_SEM", 
        "value": -0.060558905465505734
    }, 
    "L1": {
        "error": 0.2087563830378675, 
        "fit": "average_SEM", 
        "value": -0.10027974377929544
    }, 
    "L2": {
        "error": 0.14176917090158062, 
        "fit": "average_SEM", 
        "value": -0.09600157730650001
    }
}