{
    "AX": {
        "error": 0.04853129854853161, 
        "fit": "average_SEM", 
        "value": -0.013730364375320884
    }, 
    "CDD": {
        "error": 8.859287066608659e-05, 
        "fit": "average_SEM", 
        "value": 4.664081239348484e-05
    }, 
    "H1": {
        "error": 0.13093622421285983, 
        "fit": "average_SEM", 
        "value": 0.043938169572761074
    }, 
    "H2": {
        "error": 0.13188888521781042, 
        "fit": "average_SEM", 
        "value": -0.03797955385590386
    }, 
    "L1": {
        "error": 0.21910078333830638, 
        "fit": "average_SEM", 
        "value": -0.11094824092255698
    }, 
    "L2": {
        "error": 0.13681062486540702, 
        "fit": "average_SEM", 
        "value": -0.09728628401127126
    }
}