{
    "AX": {
        "error": 0.05902216925989473, 
        "fit": "average_SEM", 
        "value": -0.009024105015366027
    }, 
    "CDD": {
        "error": 0.00021769679364211776, 
        "fit": "average_SEM", 
        "value": 0.00024486426991643384
    }, 
    "H1": {
        "error": 0.12593293739220418, 
        "fit": "average_SEM", 
        "value": 0.15965986003090318
    }, 
    "H2": {
        "error": 0.12339835820242347, 
        "fit": "average_SEM", 
        "value": 0.2285159429186024
    }, 
    "L1": {
        "error": 0.18631212276531436, 
        "fit": "average_SEM", 
        "value": -0.08158629980947202
    }, 
    "L2": {
        "error": 0.12084552182299715, 
        "fit": "average_SEM", 
        "value": -0.08070081634214148
    }
}