{
    "AX": {
        "error": 0.05238229559856902, 
        "fit": "average_SEM", 
        "value": -0.007637138099380536
    }, 
    "CDD": {
        "error": 0.00014615390894081725, 
        "fit": "average_SEM", 
        "value": 0.00014251359413416746
    }, 
    "H1": {
        "error": 0.12823008749004552, 
        "fit": "average_SEM", 
        "value": 0.07346045878900137
    }, 
    "H2": {
        "error": 0.10280706150130502, 
        "fit": "average_SEM", 
        "value": 0.225082693543906
    }, 
    "L1": {
        "error": 0.20835674287973266, 
        "fit": "average_SEM", 
        "value": -0.08089037723257206
    }, 
    "L2": {
        "error": 0.15380169833287569, 
        "fit": "average_SEM", 
        "value": -0.031004414700631363
    }
}