{
    "AX": {
        "error": 0.06040962276686913, 
        "fit": "average_SEM", 
        "value": -0.017402633752984304
    }, 
    "CDD": {
        "error": 2.802462017628634e-05, 
        "fit": "average_SEM", 
        "value": 5.182312452234328e-06
    }, 
    "H1": {
        "error": 0.1143539178120605, 
        "fit": "average_SEM", 
        "value": 0.06313799883937463
    }, 
    "H2": {
        "error": 0.1375055483907042, 
        "fit": "average_SEM", 
        "value": -0.034072136161072804
    }, 
    "L1": {
        "error": 0.15394478029589984, 
        "fit": "average_SEM", 
        "value": -0.05623028911892713
    }, 
    "L2": {
        "error": 0.12194960114575198, 
        "fit": "average_SEM", 
        "value": -0.059524676215369256
    }
}