{
    "AX": {
        "error": 0.06415809460876916, 
        "fit": "average_SEM", 
        "value": -0.017603417976836986
    }, 
    "CDD": {
        "error": 0.00015216816804742583, 
        "fit": "average_SEM", 
        "value": 0.00015546937647741287
    }, 
    "H1": {
        "error": 0.11869351412426402, 
        "fit": "average_SEM", 
        "value": 0.03545662333102276
    }, 
    "H2": {
        "error": 0.13251057340241376, 
        "fit": "average_SEM", 
        "value": 0.23830527130824825
    }, 
    "L1": {
        "error": 0.19197403340963173, 
        "fit": "average_SEM", 
        "value": -0.06673689603359587
    }, 
    "L2": {
        "error": 0.13271739314776107, 
        "fit": "average_SEM", 
        "value": -0.03381556993711759
    }
}