{
    "AX": {
        "error": 0.057870459665383685, 
        "fit": "average_SEM", 
        "value": -0.01673883570571585
    }, 
    "CDD": {
        "error": 0.00016079983128083284, 
        "fit": "average_SEM", 
        "value": 0.0001321489701998265
    }, 
    "H1": {
        "error": 0.1370225997721297, 
        "fit": "average_SEM", 
        "value": 0.04419039150331325
    }, 
    "H2": {
        "error": 0.1366331589420558, 
        "fit": "average_SEM", 
        "value": 0.235265524557326
    }, 
    "L1": {
        "error": 0.21491975305626404, 
        "fit": "average_SEM", 
        "value": -0.053864072476668905
    }, 
    "L2": {
        "error": 0.13186226522603553, 
        "fit": "average_SEM", 
        "value": -0.04273373414762318
    }
}