{
    "AX": {
        "error": 0.05972138820095592, 
        "fit": "average_SEM", 
        "value": -0.006961765658343211
    }, 
    "CDD": {
        "error": 1.419234715064328e-05, 
        "fit": "average_SEM", 
        "value": 1.295578113058582e-06
    }, 
    "H1": {
        "error": 0.13930910361687318, 
        "fit": "average_SEM", 
        "value": 0.04367230933033473
    }, 
    "H2": {
        "error": 0.12619683393603898, 
        "fit": "average_SEM", 
        "value": 0.22497987138922326
    }, 
    "L1": {
        "error": 0.196625382711695, 
        "fit": "average_SEM", 
        "value": -0.06210382419715946
    }, 
    "L2": {
        "error": 0.12927824637327995, 
        "fit": "average_SEM", 
        "value": -0.05350331510223138
    }
}