{
    "AX": {
        "error": 0.053476393203941604, 
        "fit": "average_SEM", 
        "value": -0.011098200322400468
    }, 
    "CDD": {
        "error": 3.119713176935617e-05, 
        "fit": "average_SEM", 
        "value": 6.47789056529291e-06
    }, 
    "H1": {
        "error": 0.13000978546957281, 
        "fit": "average_SEM", 
        "value": 0.03612065599493993
    }, 
    "H2": {
        "error": 0.11106033589222057, 
        "fit": "average_SEM", 
        "value": 0.2491268669992375
    }, 
    "L1": {
        "error": 0.1955467907811818, 
        "fit": "average_SEM", 
        "value": -0.04380122751269179
    }, 
    "L2": {
        "error": 0.1431479821569932, 
        "fit": "average_SEM", 
        "value": -0.03212390395347029
    }
}