{
    "AX": {
        "error": 0.052361206589583695, 
        "fit": "average_SEM", 
        "value": -0.016701199398570073
    }, 
    "CDD": {
        "error": 0.0001688509031718429, 
        "fit": "average_SEM", 
        "value": 0.00019951903450419196
    }, 
    "H1": {
        "error": 0.13027681447261352, 
        "fit": "average_SEM", 
        "value": 0.0798857290278344
    }, 
    "H2": {
        "error": 0.11878726631969526, 
        "fit": "average_SEM", 
        "value": 0.24810977201220036
    }, 
    "L1": {
        "error": 0.19710945746167863, 
        "fit": "average_SEM", 
        "value": -0.04358486625897058
    }, 
    "L2": {
        "error": 0.1255852391044578, 
        "fit": "average_SEM", 
        "value": -0.04115193242420598
    }
}