{
    "AX": {
        "error": 0.055940602054424395, 
        "fit": "average_SEM", 
        "value": -0.012288565692385116
    }, 
    "CDD": {
        "error": 1.9986499931954454e-05, 
        "fit": "average_SEM", 
        "value": 2.591156226117164e-06
    }, 
    "H1": {
        "error": 0.11332120058840826, 
        "fit": "average_SEM", 
        "value": 0.04516508878829579
    }, 
    "H2": {
        "error": 0.11649522599521554, 
        "fit": "average_SEM", 
        "value": 0.24261407845964034
    }, 
    "L1": {
        "error": 0.2164150866727194, 
        "fit": "average_SEM", 
        "value": -0.037607075405927996
    }, 
    "L2": {
        "error": 0.1336329827531609, 
        "fit": "average_SEM", 
        "value": -0.03096206868843486
    }
}