{
    "AX": {
        "error": 0.053975436003965774, 
        "fit": "average_SEM", 
        "value": -0.012125146692657534
    }, 
    "CDD": {
        "error": 6.308223319117575e-05, 
        "fit": "average_SEM", 
        "value": 1.6842515469761567e-05
    }, 
    "H1": {
        "error": 0.1147859140998129, 
        "fit": "average_SEM", 
        "value": 0.05091192511608824
    }, 
    "H2": {
        "error": 0.13996381258245946, 
        "fit": "average_SEM", 
        "value": 0.24617542163468897
    }, 
    "L1": {
        "error": 0.225905996264092, 
        "fit": "average_SEM", 
        "value": -0.059575950548363225
    }, 
    "L2": {
        "error": 0.13156824268070363, 
        "fit": "average_SEM", 
        "value": -0.059994271357451605
    }
}