{
    "AX": {
        "error": 0.06487180339963006, 
        "fit": "average_SEM", 
        "value": -0.01931384871932096
    }, 
    "CDD": {
        "error": 0.0001922504287573107, 
        "fit": "average_SEM", 
        "value": 0.0002357952233675557
    }, 
    "H1": {
        "error": 0.11332896389337958, 
        "fit": "average_SEM", 
        "value": 0.0781024843493166
    }, 
    "H2": {
        "error": 0.13891828373571558, 
        "fit": "average_SEM", 
        "value": 0.2557016326386171
    }, 
    "L1": {
        "error": 0.1791856641446458, 
        "fit": "average_SEM", 
        "value": -0.0294936690304894
    }, 
    "L2": {
        "error": 0.13634742224775567, 
        "fit": "average_SEM", 
        "value": -0.03266226085446154
    }
}