{
    "AX": {
        "error": 0.056687725762859305, 
        "fit": "average_SEM", 
        "value": 0.0027116628300670226
    }, 
    "CDD": {
        "error": 0.00015698079847057325, 
        "fit": "average_SEM", 
        "value": 0.00012826223537558689
    }, 
    "H1": {
        "error": 0.12123155345516376, 
        "fit": "average_SEM", 
        "value": -0.03442056176815337
    }, 
    "H2": {
        "error": 0.1281347991969284, 
        "fit": "average_SEM", 
        "value": -0.301623069976146
    }, 
    "L1": {
        "error": 0.2826435959263697, 
        "fit": "average_SEM", 
        "value": -0.12074971657032924
    }, 
    "L2": {
        "error": 0.13083908976721872, 
        "fit": "average_SEM", 
        "value": -0.044715001230846006
    }
}