{
    "AX": {
        "error": 0.051296660451280375, 
        "fit": "average_SEM", 
        "value": 0.06428970064031697
    }, 
    "CDD": {
        "error": 2.8024620176286337e-05, 
        "fit": "average_SEM", 
        "value": 5.182312452234328e-06
    }, 
    "H1": {
        "error": 0.13072918777665435, 
        "fit": "average_SEM", 
        "value": -0.0168595352229507
    }, 
    "H2": {
        "error": 0.1430777733344519, 
        "fit": "average_SEM", 
        "value": -0.07345997881687556
    }, 
    "L1": {
        "error": 0.15076771385716253, 
        "fit": "average_SEM", 
        "value": -0.09027164705524532
    }, 
    "L2": {
        "error": 0.15034512792966667, 
        "fit": "average_SEM", 
        "value": -0.0913089193086004
    }
}