{
    "AX": {
        "error": 0.07521799460254827, 
        "fit": "average_SEM", 
        "value": 0.3405129599074523
    }, 
    "CDD": {
        "error": 0.00012522182527878665, 
        "fit": "average_SEM", 
        "value": 0.00010882856246704856
    }, 
    "H1": {
        "error": 0.12475842925563131, 
        "fit": "average_SEM", 
        "value": -0.06658138462468438
    }, 
    "H2": {
        "error": 0.13554829240693692, 
        "fit": "average_SEM", 
        "value": -0.13118303894686204
    }, 
    "L1": {
        "error": 0.13312568295901284, 
        "fit": "average_SEM", 
        "value": -0.12327956467537055
    }, 
    "L2": {
        "error": 0.16016962553337583, 
        "fit": "average_SEM", 
        "value": -0.13188762358234574
    }
}