{
    "AX": {
        "error": 0.054198771432499904, 
        "fit": "average_SEM", 
        "value": -0.012344352721023218
    }, 
    "CDD": {
        "error": 4.559322822862481e-05, 
        "fit": "average_SEM", 
        "value": 1.4683218614663928e-05
    }, 
    "H1": {
        "error": 0.13973593366081918, 
        "fit": "average_SEM", 
        "value": 0.07171392525843759
    }, 
    "H2": {
        "error": 0.1284452169206861, 
        "fit": "average_SEM", 
        "value": 0.2450802824957969
    }, 
    "L1": {
        "error": 0.195893460531237, 
        "fit": "average_SEM", 
        "value": -0.030966105402330867
    }, 
    "L2": {
        "error": 0.1256056342135714, 
        "fit": "average_SEM", 
        "value": -0.0220848907975273
    }
}