{
    "AX": {
        "error": 0.0653265516322632, 
        "fit": "average_SEM", 
        "value": 0.25624466746424635
    }, 
    "CDD": {
        "error": 3.894347929898622e-05, 
        "fit": "average_SEM", 
        "value": 1.0364624904468655e-05
    }, 
    "H1": {
        "error": 0.13260101049478104, 
        "fit": "average_SEM", 
        "value": -0.013737309543648735
    }, 
    "H2": {
        "error": 0.13184021346855856, 
        "fit": "average_SEM", 
        "value": -0.12369687137834262
    }, 
    "L1": {
        "error": 0.1454773509465777, 
        "fit": "average_SEM", 
        "value": -0.12568147286656312
    }, 
    "L2": {
        "error": 0.1400525711885718, 
        "fit": "average_SEM", 
        "value": -0.09934077672514832
    }
}