{
    "AX": {
        "error": 0.06310033272956275, 
        "fit": "average_SEM", 
        "value": 0.26885566481699547
    }, 
    "CDD": {
        "error": 2.802462017628634e-05, 
        "fit": "average_SEM", 
        "value": 5.182312452234328e-06
    }, 
    "H1": {
        "error": 0.12411818758062465, 
        "fit": "average_SEM", 
        "value": -0.013428479037247597
    }, 
    "H2": {
        "error": 0.1489980342650541, 
        "fit": "average_SEM", 
        "value": 0.14815013356565032
    }, 
    "L1": {
        "error": 0.14005776815644327, 
        "fit": "average_SEM", 
        "value": -0.08892953849984526
    }, 
    "L2": {
        "error": 0.1455448837837941, 
        "fit": "average_SEM", 
        "value": -0.07047021196534237
    }
}