{
    "AX": {
        "error": 0.07407293916289708, 
        "fit": "average_SEM", 
        "value": 0.3540458260724942
    }, 
    "CDD": {
        "error": 0.00013844608798483133, 
        "fit": "average_SEM", 
        "value": 0.00011141971893569765
    }, 
    "H1": {
        "error": 0.1427915391805962, 
        "fit": "average_SEM", 
        "value": -0.029810226599996287
    }, 
    "H2": {
        "error": 0.13602258001194237, 
        "fit": "average_SEM", 
        "value": -0.13617566030734451
    }, 
    "L1": {
        "error": 0.18088935873077552, 
        "fit": "average_SEM", 
        "value": -0.08278475323216601
    }, 
    "L2": {
        "error": 0.13757335719185476, 
        "fit": "average_SEM", 
        "value": -0.10003850954429556
    }
}