{
    "AX": {
        "error": 0.058331822281161426, 
        "fit": "average_SEM", 
        "value": -0.004870666651792514
    }, 
    "CDD": {
        "error": 0.00013905603798451346, 
        "fit": "average_SEM", 
        "value": 0.00010882856198198472
    }, 
    "H1": {
        "error": 0.13096896077739445, 
        "fit": "average_SEM", 
        "value": -0.007506297671837577
    }, 
    "H2": {
        "error": 0.10786214137324085, 
        "fit": "average_SEM", 
        "value": -0.2881359339846919
    }, 
    "L1": {
        "error": 0.23471435638945096, 
        "fit": "average_SEM", 
        "value": -0.04478167761505271
    }, 
    "L2": {
        "error": 0.1433728554571896, 
        "fit": "average_SEM", 
        "value": -0.00427175016181233
    }
}