{
    "AX": {
        "error": 0.06111567024659859, 
        "fit": "average_SEM", 
        "value": -0.015523566369665787
    }, 
    "CDD": {
        "error": 3.894347929898622e-05, 
        "fit": "average_SEM", 
        "value": 1.0364624904468655e-05
    }, 
    "H1": {
        "error": 0.12031838940707221, 
        "fit": "average_SEM", 
        "value": 0.0023948984856057604
    }, 
    "H2": {
        "error": 0.12324305856337203, 
        "fit": "average_SEM", 
        "value": 0.17358647047852477
    }, 
    "L1": {
        "error": 0.24029526969644052, 
        "fit": "average_SEM", 
        "value": -0.1279369272175245
    }, 
    "L2": {
        "error": 0.13406478001651168, 
        "fit": "average_SEM", 
        "value": -0.16416006191381408
    }
}