{
    "AX": {
        "error": 0.058013698795649056, 
        "fit": "average_SEM", 
        "value": 0.07163068418800927
    }, 
    "CDD": {
        "error": 3.659055414416811e-05, 
        "fit": "average_SEM", 
        "value": 9.069046791410074e-06
    }, 
    "H1": {
        "error": 0.13736753944461821, 
        "fit": "average_SEM", 
        "value": -0.007659076032966065
    }, 
    "H2": {
        "error": 0.13844951825593274, 
        "fit": "average_SEM", 
        "value": -0.054967714391144305
    }, 
    "L1": {
        "error": 0.15824667122737057, 
        "fit": "average_SEM", 
        "value": -0.09781194637180306
    }, 
    "L2": {
        "error": 0.12175337684249446, 
        "fit": "average_SEM", 
        "value": -0.062434414147476976
    }
}