{
    "AX": {
        "error": 0.05565194047950486, 
        "fit": "average_SEM", 
        "value": 0.10812804814971362
    }, 
    "CDD": {
        "error": 0.0003905610890747588, 
        "fit": "average_SEM", 
        "value": 0.0007138635917120458
    }, 
    "H1": {
        "error": 0.12306112651147517, 
        "fit": "average_SEM", 
        "value": -0.0009446014354277092
    }, 
    "H2": {
        "error": 0.13320129689010962, 
        "fit": "average_SEM", 
        "value": -0.03865680237261889
    }, 
    "L1": {
        "error": 0.1495218195350527, 
        "fit": "average_SEM", 
        "value": -0.09083145916132102
    }, 
    "L2": {
        "error": 0.1544836312038957, 
        "fit": "average_SEM", 
        "value": -0.07280426192640638
    }
}