{
    "AX": {
        "error": 0.06122117651715974, 
        "fit": "average_SEM", 
        "value": 0.24639389452834923
    }, 
    "CDD": {
        "error": 0.003107576397064941, 
        "fit": "average_SEM", 
        "value": 0.00029280124993723197
    }, 
    "H1": {
        "error": 0.11707855707764583, 
        "fit": "average_SEM", 
        "value": -0.011834402262563042
    }, 
    "H2": {
        "error": 0.15153675070796285, 
        "fit": "average_SEM", 
        "value": -0.11051918558465938
    }, 
    "L1": {
        "error": 0.14677307416055313, 
        "fit": "average_SEM", 
        "value": -0.07876166488992263
    }, 
    "L2": {
        "error": 0.13455170220994525, 
        "fit": "average_SEM", 
        "value": -0.09155619811305465
    }
}