{
    "AX": {
        "error": 0.05292002987948154, 
        "fit": "average_SEM", 
        "value": 0.3528007671236992
    }, 
    "CDD": {
        "error": 0.00012326000395594642, 
        "fit": "average_SEM", 
        "value": 9.328162511034558e-05
    }, 
    "H1": {
        "error": 0.15569074260219096, 
        "fit": "average_SEM", 
        "value": -0.04890087024929623
    }, 
    "H2": {
        "error": 0.12817856285757923, 
        "fit": "average_SEM", 
        "value": -0.11766699256841093
    }, 
    "L1": {
        "error": 0.14632464634403228, 
        "fit": "average_SEM", 
        "value": -0.0905017821098833
    }, 
    "L2": {
        "error": 0.1462987320613161, 
        "fit": "average_SEM", 
        "value": -0.08701939988920154
    }
}