{
    "AX": {
        "error": 0.059219066979261825, 
        "fit": "average_SEM", 
        "value": -0.015446137181425002
    }, 
    "CDD": {
        "error": 4.852262750713302e-05, 
        "fit": "average_SEM", 
        "value": 1.6842515469761567e-05
    }, 
    "H1": {
        "error": 0.1060075570356901, 
        "fit": "average_SEM", 
        "value": -0.016951565628308646
    }, 
    "H2": {
        "error": 0.12277883449500042, 
        "fit": "average_SEM", 
        "value": 0.15550846540330288
    }, 
    "L1": {
        "error": 0.19534474953159717, 
        "fit": "average_SEM", 
        "value": -0.16606179540976881
    }, 
    "L2": {
        "error": 0.13434297742757048, 
        "fit": "average_SEM", 
        "value": -0.16928355207152587
    }
}