{
    "AX": {
        "error": 0.06400034946854129, 
        "fit": "average_SEM", 
        "value": 0.2465942854061723
    }, 
    "CDD": {
        "error": 3.402583532384326e-05, 
        "fit": "average_SEM", 
        "value": 7.773468678351491e-06
    }, 
    "H1": {
        "error": 0.13043061313390236, 
        "fit": "average_SEM", 
        "value": -0.016581909189699217
    }, 
    "H2": {
        "error": 0.14688438980010168, 
        "fit": "average_SEM", 
        "value": -0.11429127909747573
    }, 
    "L1": {
        "error": 0.12972207732163546, 
        "fit": "average_SEM", 
        "value": -0.0898153799760621
    }, 
    "L2": {
        "error": 0.1294642935121722, 
        "fit": "average_SEM", 
        "value": -0.06837288557726424
    }
}