{
    "AX": {
        "error": 0.06215564622623083, 
        "fit": "average_SEM", 
        "value": 0.11062240789008987
    }, 
    "CDD": {
        "error": 4.3149631137483906e-05, 
        "fit": "average_SEM", 
        "value": 1.295578113058582e-05
    }, 
    "H1": {
        "error": 0.13509938910377806, 
        "fit": "average_SEM", 
        "value": 0.008844791302302231
    }, 
    "H2": {
        "error": 0.13214826686956319, 
        "fit": "average_SEM", 
        "value": -0.049365846525567275
    }, 
    "L1": {
        "error": 0.1570402741577968, 
        "fit": "average_SEM", 
        "value": -0.07859222690652436
    }, 
    "L2": {
        "error": 0.13870432932582877, 
        "fit": "average_SEM", 
        "value": -0.0636968943096387
    }
}