{
    "AX": {
        "error": 0.06755097932176106, 
        "fit": "average_SEM", 
        "value": -0.00348634176049624
    }, 
    "CDD": {
        "error": 0.00013713784893666506, 
        "fit": "average_SEM", 
        "value": 9.457720370846801e-05
    }, 
    "H1": {
        "error": 0.1370656601603006, 
        "fit": "average_SEM", 
        "value": -0.02384639734373195
    }, 
    "H2": {
        "error": 0.1311606162086674, 
        "fit": "average_SEM", 
        "value": -0.28326226585389425
    }, 
    "L1": {
        "error": 0.22539799405520144, 
        "fit": "average_SEM", 
        "value": 0.004335942222193505
    }, 
    "L2": {
        "error": 0.13187374214416706, 
        "fit": "average_SEM", 
        "value": -0.044956920361922434
    }
}