{
    "AX": {
        "error": 0.05822208484936903, 
        "fit": "average_SEM", 
        "value": -0.011511733922331284
    }, 
    "CDD": {
        "error": 4.76247977250129e-05, 
        "fit": "average_SEM", 
        "value": 1.295578113058582e-05
    }, 
    "H1": {
        "error": 0.12819972863238868, 
        "fit": "average_SEM", 
        "value": -0.015984435703527804
    }, 
    "H2": {
        "error": 0.1214861858949031, 
        "fit": "average_SEM", 
        "value": 0.14614994275810508
    }, 
    "L1": {
        "error": 0.1882499505159017, 
        "fit": "average_SEM", 
        "value": -0.14915407670972247
    }, 
    "L2": {
        "error": 0.13197575112913335, 
        "fit": "average_SEM", 
        "value": -0.16996480176070083
    }
}