{
    "CDD": {
        "error": 0.0014704039893667334, 
        "fit": "average_SEM", 
        "value": 0.00016237925608745879
    }, 
    "H1": {
        "error": 0.12366820749647743, 
        "fit": "average_SEM", 
        "value": 0.015506577581012001
    }, 
    "H2": {
        "error": 0.13902973566931004, 
        "fit": "average_SEM", 
        "value": -0.04310895967177607
    }, 
    "L1": {
        "error": 0.1467367241596099, 
        "fit": "average_SEM", 
        "value": -0.09774692476170863
    }, 
    "L2": {
        "error": 0.13598823323710413, 
        "fit": "average_SEM", 
        "value": -0.06793345483019948
    }
}