{
    "AX": {
        "error": 0.06060566173479053, 
        "fit": "average_SEM", 
        "value": -0.015353931336358073
    }, 
    "CDD": {
        "error": 1.419234715064328e-05, 
        "fit": "average_SEM", 
        "value": 1.295578113058582e-06
    }, 
    "H1": {
        "error": 0.143599503475488, 
        "fit": "average_SEM", 
        "value": 0.004074953256773975
    }, 
    "H2": {
        "error": 0.11213390985544394, 
        "fit": "average_SEM", 
        "value": 0.18644640005174248
    }, 
    "L1": {
        "error": 0.21947232938374495, 
        "fit": "average_SEM", 
        "value": -0.119850933070605
    }, 
    "L2": {
        "error": 0.1424456085274841, 
        "fit": "average_SEM", 
        "value": -0.11862859252166041
    }
}