{
    "AX": {
        "error": 0.05688696345613496, 
        "fit": "average_SEM", 
        "value": 0.06895479078715046
    }, 
    "CDD": {
        "error": 2.4374420724540927e-05, 
        "fit": "average_SEM", 
        "value": 3.8867343391757455e-06
    }, 
    "H1": {
        "error": 0.1268344753297612, 
        "fit": "average_SEM", 
        "value": -0.030298121471423654
    }, 
    "H2": {
        "error": 0.1474014615050439, 
        "fit": "average_SEM", 
        "value": 0.20861385571382318
    }, 
    "L1": {
        "error": 0.14331232498129262, 
        "fit": "average_SEM", 
        "value": -0.1038269865000378
    }, 
    "L2": {
        "error": 0.13069058061932143, 
        "fit": "average_SEM", 
        "value": -0.08026374257169663
    }
}