{
    "CDD": {
        "error": 1.6342070495721708e-05, 
        "fit": "average_SEM", 
        "value": 1.7274374840781093e-06
    }, 
    "H1": {
        "error": 0.12340629675004607, 
        "fit": "average_SEM", 
        "value": 0.053965069901136704
    }, 
    "H2": {
        "error": 0.14235576303991637, 
        "fit": "average_SEM", 
        "value": 0.24315654071461823
    }, 
    "L1": {
        "error": 0.18724040340086154, 
        "fit": "average_SEM", 
        "value": -0.06255530620304246
    }, 
    "L2": {
        "error": 0.12376751764574417, 
        "fit": "average_SEM", 
        "value": -0.048689989533482324
    }
}