{
    "AX": {
        "error": 0.05526434806867525, 
        "fit": "average_SEM", 
        "value": -0.010154114690764496
    }, 
    "CDD": {
        "error": 3.119713176935617e-05, 
        "fit": "average_SEM", 
        "value": 6.47789056529291e-06
    }, 
    "H1": {
        "error": 0.13101710377169357, 
        "fit": "average_SEM", 
        "value": -0.023581628064857797
    }, 
    "H2": {
        "error": 0.1100338819350178, 
        "fit": "average_SEM", 
        "value": 0.15043483567036067
    }, 
    "L1": {
        "error": 0.1538197898189366, 
        "fit": "average_SEM", 
        "value": -0.17553887043892852
    }, 
    "L2": {
        "error": 0.15444583718089314, 
        "fit": "average_SEM", 
        "value": -0.18695448075886817
    }
}