{
    "AX": {
        "error": 0.05688407483998795, 
        "fit": "average_SEM", 
        "value": -0.015222113051762184
    }, 
    "CDD": {
        "error": 2.802462017628634e-05, 
        "fit": "average_SEM", 
        "value": 5.182312452234328e-06
    }, 
    "H1": {
        "error": 0.1348990999262842, 
        "fit": "average_SEM", 
        "value": 0.014348072226857767
    }, 
    "H2": {
        "error": 0.13272978483182116, 
        "fit": "average_SEM", 
        "value": 0.19442996164240564
    }, 
    "L1": {
        "error": 0.21443946780400372, 
        "fit": "average_SEM", 
        "value": -0.14294712044259844
    }, 
    "L2": {
        "error": 0.1292531597635899, 
        "fit": "average_SEM", 
        "value": -0.09776686091402856
    }
}