{
    "CDD": {
        "error": 3.88890509295524e-05, 
        "fit": "average_SEM", 
        "value": 1.0364624904468655e-05
    }, 
    "H1": {
        "error": 0.11049400777100132, 
        "fit": "average_SEM", 
        "value": 0.03831185437738895
    }, 
    "H2": {
        "error": 0.12361032714848158, 
        "fit": "average_SEM", 
        "value": 0.2523792737060123
    }, 
    "L1": {
        "error": 0.19717852515031026, 
        "fit": "average_SEM", 
        "value": -0.05650679395120177
    }, 
    "L2": {
        "error": 0.1273817035499949, 
        "fit": "average_SEM", 
        "value": -0.02455794649819533
    }
}