{
    "AX": {
        "error": 0.06106133753699739, 
        "fit": "average_SEM", 
        "value": 0.0664492209984625
    }, 
    "CDD": {
        "error": 0.0014900394614347108, 
        "fit": "average_SEM", 
        "value": 0.00013992257033047887
    }, 
    "H1": {
        "error": 0.1336532242311014, 
        "fit": "average_SEM", 
        "value": -0.01945618843262006
    }, 
    "H2": {
        "error": 0.13893597137199434, 
        "fit": "average_SEM", 
        "value": -0.06845056820311583
    }, 
    "L1": {
        "error": 0.15927964235788555, 
        "fit": "average_SEM", 
        "value": -0.10235562265152112
    }, 
    "L2": {
        "error": 0.1338422609115735, 
        "fit": "average_SEM", 
        "value": -0.08029718787486975
    }
}