{
    "AX": {
        "error": 0.05159684534845113, 
        "fit": "average_SEM", 
        "value": -0.01483030358964849
    }, 
    "CDD": {
        "error": 3.119713176935617e-05, 
        "fit": "average_SEM", 
        "value": 6.47789056529291e-06
    }, 
    "H1": {
        "error": 0.12477073975217555, 
        "fit": "average_SEM", 
        "value": 0.003658817543570573
    }, 
    "H2": {
        "error": 0.12330071359192567, 
        "fit": "average_SEM", 
        "value": 0.17259471582559247
    }, 
    "L1": {
        "error": 0.203190133163659, 
        "fit": "average_SEM", 
        "value": -0.14527344584591143
    }, 
    "L2": {
        "error": 0.13456944833102658, 
        "fit": "average_SEM", 
        "value": -0.12872943807354506
    }
}