{
    "CDD": {
        "error": 3.88890509295524e-05, 
        "fit": "average_SEM", 
        "value": 1.0364624904468655e-05
    }, 
    "H1": {
        "error": 0.13280271514865624, 
        "fit": "average_SEM", 
        "value": 0.055458201905195084
    }, 
    "H2": {
        "error": 0.12236329664509406, 
        "fit": "average_SEM", 
        "value": 0.23502974360146456
    }, 
    "L1": {
        "error": 0.20150831461275034, 
        "fit": "average_SEM", 
        "value": -0.04815049903312077
    }, 
    "L2": {
        "error": 0.14728179831296095, 
        "fit": "average_SEM", 
        "value": -0.012147421190618641
    }
}