{
    "AX": {
        "error": 0.053657788377509244, 
        "fit": "average_SEM", 
        "value": -0.014157905332103838
    }, 
    "CDD": {
        "error": 3.659055414416811e-05, 
        "fit": "average_SEM", 
        "value": 9.069046791410074e-06
    }, 
    "H1": {
        "error": 0.12606537375087234, 
        "fit": "average_SEM", 
        "value": 0.027673019146701942
    }, 
    "H2": {
        "error": 0.1296981296508263, 
        "fit": "average_SEM", 
        "value": 0.22768988103877444
    }, 
    "L1": {
        "error": 0.22177552331595557, 
        "fit": "average_SEM", 
        "value": -0.07261111108819022
    }, 
    "L2": {
        "error": 0.13134669841806587, 
        "fit": "average_SEM", 
        "value": -0.06821573057774609
    }
}