{
    "AX": {
        "error": 0.054473310265971644, 
        "fit": "average_SEM", 
        "value": 0.2612699626634518
    }, 
    "CDD": {
        "error": 3.402583532384326e-05, 
        "fit": "average_SEM", 
        "value": 7.773468678351491e-06
    }, 
    "H1": {
        "error": 0.1287184345095642, 
        "fit": "average_SEM", 
        "value": -0.03203950471409674
    }, 
    "H2": {
        "error": 0.14723563088005734, 
        "fit": "average_SEM", 
        "value": -0.1285478939282863
    }, 
    "L1": {
        "error": 0.14243955471459618, 
        "fit": "average_SEM", 
        "value": -0.10809625668237761
    }, 
    "L2": {
        "error": 0.134829790962606, 
        "fit": "average_SEM", 
        "value": -0.10335870342581378
    }
}