{
    "CDD": {
        "error": 3.5711372458756305e-05, 
        "fit": "average_SEM", 
        "value": 8.637187420390546e-06
    }, 
    "H1": {
        "error": 0.11808920664400932, 
        "fit": "average_SEM", 
        "value": 0.03928566936325903
    }, 
    "H2": {
        "error": 0.12866746134380183, 
        "fit": "average_SEM", 
        "value": -0.020541361298334473
    }, 
    "L1": {
        "error": 0.18882065869851922, 
        "fit": "average_SEM", 
        "value": -0.05771933524972862
    }, 
    "L2": {
        "error": 0.16701268103763495, 
        "fit": "average_SEM", 
        "value": -0.05253901256041394
    }
}