{
    "CDD": {
        "error": 2.798545227429981e-05, 
        "fit": "average_SEM", 
        "value": 5.182312452234328e-06
    }, 
    "H1": {
        "error": 0.14400196137320576, 
        "fit": "average_SEM", 
        "value": 0.1448356692899122
    }, 
    "H2": {
        "error": 0.12171423090867095, 
        "fit": "average_SEM", 
        "value": 0.23056080202675527
    }, 
    "L1": {
        "error": 0.19839400121608655, 
        "fit": "average_SEM", 
        "value": -0.06843267190270126
    }, 
    "L2": {
        "error": 0.15109531957771158, 
        "fit": "average_SEM", 
        "value": -0.07694999100858695
    }
}