{
    "AX": {
        "error": 0.05889451569557642, 
        "fit": "average_SEM", 
        "value": -0.009420731694626738
    }, 
    "CDD": {
        "error": 3.119713176935617e-05, 
        "fit": "average_SEM", 
        "value": 6.47789056529291e-06
    }, 
    "H1": {
        "error": 0.13949381275979225, 
        "fit": "average_SEM", 
        "value": 0.014669263334265754
    }, 
    "H2": {
        "error": 0.12529277952493745, 
        "fit": "average_SEM", 
        "value": -0.06078635492012836
    }, 
    "L1": {
        "error": 0.2426403844420207, 
        "fit": "average_SEM", 
        "value": -0.15960631709118994
    }, 
    "L2": {
        "error": 0.1435574304183405, 
        "fit": "average_SEM", 
        "value": -0.13401602874898041
    }
}