{
    "AX": {
        "error": 0.058474310772920764, 
        "fit": "average_SEM", 
        "value": -0.016716698442178313
    }, 
    "CDD": {
        "error": 3.894347929898622e-05, 
        "fit": "average_SEM", 
        "value": 1.0364624904468655e-05
    }, 
    "H1": {
        "error": 0.1420955015044689, 
        "fit": "average_SEM", 
        "value": -0.004756739667694395
    }, 
    "H2": {
        "error": 0.12217279121674297, 
        "fit": "average_SEM", 
        "value": -0.08495137497860318
    }, 
    "L1": {
        "error": 0.17585314713528408, 
        "fit": "average_SEM", 
        "value": -0.1676925007176275
    }, 
    "L2": {
        "error": 0.1469507013969495, 
        "fit": "average_SEM", 
        "value": -0.15655502930555182
    }
}