{
    "AX": {
        "error": 0.06286442465999358, 
        "fit": "average_SEM", 
        "value": -0.009355860111827496
    }, 
    "CDD": {
        "error": 4.1774386214817936e-05, 
        "fit": "average_SEM", 
        "value": 9.069046791410074e-06
    }, 
    "H1": {
        "error": 0.13225111592280128, 
        "fit": "average_SEM", 
        "value": -0.029037724152052153
    }, 
    "H2": {
        "error": 0.11941270033963973, 
        "fit": "average_SEM", 
        "value": -0.10667572054856768
    }, 
    "L1": {
        "error": 0.19487152872323873, 
        "fit": "average_SEM", 
        "value": -0.15757421271215813
    }, 
    "L2": {
        "error": 0.12124337689042662, 
        "fit": "average_SEM", 
        "value": -0.19828962382550042
    }
}