{
    "AX": {
        "error": 0.06402528962869516, 
        "fit": "average_SEM", 
        "value": 0.3600942362099886
    }, 
    "CDD": {
        "error": 2.437442072454093e-05, 
        "fit": "average_SEM", 
        "value": 3.8867343391757455e-06
    }, 
    "H1": {
        "error": 0.13568242741804573, 
        "fit": "average_SEM", 
        "value": -0.06798277269699611
    }, 
    "H2": {
        "error": 0.1468502451957501, 
        "fit": "average_SEM", 
        "value": -0.12710701175771344
    }, 
    "L1": {
        "error": 0.11872763970470684, 
        "fit": "average_SEM", 
        "value": -0.11619456849136138
    }, 
    "L2": {
        "error": 0.1333301042893998, 
        "fit": "average_SEM", 
        "value": -0.12075068284078345
    }
}