{
    "AX": {
        "error": 0.06510916009754134, 
        "fit": "average_SEM", 
        "value": 0.35037452491621174
    }, 
    "CDD": {
        "error": 4.385003159586138e-05, 
        "fit": "average_SEM", 
        "value": 1.0364624904468655e-05
    }, 
    "H1": {
        "error": 0.1306527512471015, 
        "fit": "average_SEM", 
        "value": -0.04767933270777576
    }, 
    "H2": {
        "error": 0.13974119161343337, 
        "fit": "average_SEM", 
        "value": -0.12987954542428876
    }, 
    "L1": {
        "error": 0.1462432356154826, 
        "fit": "average_SEM", 
        "value": -0.08481786801906613
    }, 
    "L2": {
        "error": 0.14737713918104917, 
        "fit": "average_SEM", 
        "value": -0.07508934311384413
    }
}