{
    "AX": {
        "error": 0.06342835569401797, 
        "fit": "average_SEM", 
        "value": 0.3538942384223143
    }, 
    "CDD": {
        "error": 3.402583532384326e-05, 
        "fit": "average_SEM", 
        "value": 7.773468678351491e-06
    }, 
    "H1": {
        "error": 0.1562972831999557, 
        "fit": "average_SEM", 
        "value": -0.0535619459929876
    }, 
    "H2": {
        "error": 0.18252695386282508, 
        "fit": "average_SEM", 
        "value": -0.11897412134858314
    }, 
    "L1": {
        "error": 0.15457915046224815, 
        "fit": "average_SEM", 
        "value": -0.10023050642557792
    }, 
    "L2": {
        "error": 0.14498379656011914, 
        "fit": "average_SEM", 
        "value": -0.08717752683442086
    }
}