{
    "AX": {
        "error": 0.05980136271789318, 
        "fit": "average_SEM", 
        "value": 0.0021940844197767245
    }, 
    "CDD": {
        "error": 4.112098310455513e-05, 
        "fit": "average_SEM", 
        "value": 1.1660203017527238e-05
    }, 
    "H1": {
        "error": 0.12709411244265298, 
        "fit": "average_SEM", 
        "value": -0.013811275875195862
    }, 
    "H2": {
        "error": 0.11340201609237612, 
        "fit": "average_SEM", 
        "value": -0.29523321203887465
    }, 
    "L1": {
        "error": 0.2046382826070069, 
        "fit": "average_SEM", 
        "value": 0.01654834339666801
    }, 
    "L2": {
        "error": 0.14648238337800146, 
        "fit": "average_SEM", 
        "value": -0.032532398867018246
    }
}