{
    "AX": {
        "error": 0.06003635360348155, 
        "fit": "average_SEM", 
        "value": 0.004314667534587594
    }, 
    "CDD": {
        "error": 5.0118457408193214e-05, 
        "fit": "average_SEM", 
        "value": 1.8138093582820148e-05
    }, 
    "H1": {
        "error": 0.11797959136769294, 
        "fit": "average_SEM", 
        "value": -0.02069870730047114
    }, 
    "H2": {
        "error": 0.11276418567292389, 
        "fit": "average_SEM", 
        "value": -0.3073724212435385
    }, 
    "L1": {
        "error": 0.19501304822116605, 
        "fit": "average_SEM", 
        "value": -0.07033507034648209
    }, 
    "L2": {
        "error": 0.14128289745602962, 
        "fit": "average_SEM", 
        "value": -0.06269799962174147
    }
}