{
    "AX": {
        "error": 0.055715707425159744, 
        "fit": "average_SEM", 
        "value": -0.002781636085516463
    }, 
    "CDD": {
        "error": 3.119713176935617e-05, 
        "fit": "average_SEM", 
        "value": 6.47789056529291e-06
    }, 
    "H1": {
        "error": 0.1088696913245252, 
        "fit": "average_SEM", 
        "value": -0.06754347355939293
    }, 
    "H2": {
        "error": 0.1266313454911186, 
        "fit": "average_SEM", 
        "value": -0.28514988670746483
    }, 
    "L1": {
        "error": 0.18777628633096582, 
        "fit": "average_SEM", 
        "value": 0.00427407830672261
    }, 
    "L2": {
        "error": 0.13599097361744403, 
        "fit": "average_SEM", 
        "value": -0.056850615000197044
    }
}