{
    "AX": {
        "error": 0.0594598014428931, 
        "fit": "average_SEM", 
        "value": -0.004114715488200697
    }, 
    "CDD": {
        "error": 5.0988983346442895e-05, 
        "fit": "average_SEM", 
        "value": 1.5546937356702982e-05
    }, 
    "H1": {
        "error": 0.12913254759374412, 
        "fit": "average_SEM", 
        "value": -0.020245636355806104
    }, 
    "H2": {
        "error": 0.12268839814681999, 
        "fit": "average_SEM", 
        "value": -0.2919500598994394
    }, 
    "L1": {
        "error": 0.2264944701530279, 
        "fit": "average_SEM", 
        "value": -0.048622371811264505
    }, 
    "L2": {
        "error": 0.12809205971952908, 
        "fit": "average_SEM", 
        "value": -0.01671101077857505
    }
}