{
    "AX": {
        "error": 0.07211610227394244, 
        "fit": "average_SEM", 
        "value": 0.3499632665266593
    }, 
    "CDD": {
        "error": 0.00023395048002123264, 
        "fit": "average_SEM", 
        "value": 4.145850349838535e-05
    }, 
    "H1": {
        "error": 0.1731189156748092, 
        "fit": "average_SEM", 
        "value": -0.05735119463206502
    }, 
    "H2": {
        "error": 0.1538546658012266, 
        "fit": "average_SEM", 
        "value": 0.14882230324631868
    }, 
    "L1": {
        "error": 0.1682729927596287, 
        "fit": "average_SEM", 
        "value": -0.07478141807951033
    }, 
    "L2": {
        "error": 0.14400564803075175, 
        "fit": "average_SEM", 
        "value": -0.10806286642958488
    }
}