{
    "AX": {
        "error": 0.1257915274606187, 
        "fit": "average_SEM", 
        "value": 0.36051459461450575
    }, 
    "CDD": {
        "error": 2.8024620176286337e-05, 
        "fit": "average_SEM", 
        "value": 5.182312452234328e-06
    }, 
    "H1": {
        "error": 0.13274948535816739, 
        "fit": "average_SEM", 
        "value": -0.0552909733960405
    }, 
    "H2": {
        "error": 0.13947998800294195, 
        "fit": "average_SEM", 
        "value": -0.11368424083921128
    }, 
    "L1": {
        "error": 0.13401031532238575, 
        "fit": "average_SEM", 
        "value": -0.09373458204790949
    }, 
    "L2": {
        "error": 0.16408568664560383, 
        "fit": "average_SEM", 
        "value": -0.08351430343172979
    }
}