{
    "AX": {
        "error": 0.0771475094525427, 
        "fit": "average_SEM", 
        "value": 0.3529949110001326
    }, 
    "CDD": {
        "error": 4.385003159586138e-05, 
        "fit": "average_SEM", 
        "value": 1.0364624904468655e-05
    }, 
    "H1": {
        "error": 0.13995472418249322, 
        "fit": "average_SEM", 
        "value": -0.05870819863260598
    }, 
    "H2": {
        "error": 0.12192160069989745, 
        "fit": "average_SEM", 
        "value": -0.12837604416999965
    }, 
    "L1": {
        "error": 0.1591556640270312, 
        "fit": "average_SEM", 
        "value": -0.0725377359543927
    }, 
    "L2": {
        "error": 0.16136228469644917, 
        "fit": "average_SEM", 
        "value": -0.07645544212136883
    }
}