{
    "AX": {
        "error": 0.05195496796947035, 
        "fit": "average_SEM", 
        "value": 0.3597448195020358
    }, 
    "CDD": {
        "error": 3.894347929898622e-05, 
        "fit": "average_SEM", 
        "value": 1.0364624904468655e-05
    }, 
    "H1": {
        "error": 0.12319222168615393, 
        "fit": "average_SEM", 
        "value": -0.06278151077179549
    }, 
    "H2": {
        "error": 0.1570224871234237, 
        "fit": "average_SEM", 
        "value": -0.17697832140838726
    }, 
    "L1": {
        "error": 0.14644652973876257, 
        "fit": "average_SEM", 
        "value": -0.11931488562840968
    }, 
    "L2": {
        "error": 0.147530180618289, 
        "fit": "average_SEM", 
        "value": -0.10515996466662424
    }
}