{
    "AX": {
        "error": 0.07186872365052516, 
        "fit": "average_SEM", 
        "value": 0.35294850915670395
    }, 
    "CDD": {
        "error": 4.935272554181254e-05, 
        "fit": "average_SEM", 
        "value": 1.42513592436444e-05
    }, 
    "H1": {
        "error": 0.14607710881571614, 
        "fit": "average_SEM", 
        "value": -0.04939915512804873
    }, 
    "H2": {
        "error": 0.1481167403827296, 
        "fit": "average_SEM", 
        "value": -0.11980215218112183
    }, 
    "L1": {
        "error": 0.12475648839839248, 
        "fit": "average_SEM", 
        "value": -0.11522725072180341
    }, 
    "L2": {
        "error": 0.20763408809224604, 
        "fit": "average_SEM", 
        "value": -0.11159857158975986
    }
}