{
    "AX": {
        "error": 0.06712535368582424, 
        "fit": "average_SEM", 
        "value": 0.33629285419980687
    }, 
    "CDD": {
        "error": 2.8024620176286337e-05, 
        "fit": "average_SEM", 
        "value": 5.182312452234328e-06
    }, 
    "H1": {
        "error": 0.1369365078330491, 
        "fit": "average_SEM", 
        "value": -0.06205586992340007
    }, 
    "H2": {
        "error": 0.12937952837056227, 
        "fit": "average_SEM", 
        "value": -0.12913756234387014
    }, 
    "L1": {
        "error": 0.13707209009873542, 
        "fit": "average_SEM", 
        "value": -0.10020550775613325
    }, 
    "L2": {
        "error": 0.19645254294070733, 
        "fit": "average_SEM", 
        "value": -0.11320066494614972
    }
}