{
    "AX": {
        "error": 0.06836211587966334, 
        "fit": "average_SEM", 
        "value": 0.3359511369218429
    }, 
    "CDD": {
        "error": 4.177438621481794e-05, 
        "fit": "average_SEM", 
        "value": 9.069046791410074e-06
    }, 
    "H1": {
        "error": 0.14231194737491926, 
        "fit": "average_SEM", 
        "value": -0.072124615177745
    }, 
    "H2": {
        "error": 0.1348445173033756, 
        "fit": "average_SEM", 
        "value": -0.15773726648185402
    }, 
    "L1": {
        "error": 0.1367898267360758, 
        "fit": "average_SEM", 
        "value": -0.09986665011383593
    }, 
    "L2": {
        "error": 0.14841645691164604, 
        "fit": "average_SEM", 
        "value": -0.11327322520761905
    }
}