{
    "AX": {
        "error": 0.061035981249909776, 
        "fit": "average_SEM", 
        "value": -0.0001009035625126368
    }, 
    "CDD": {
        "error": 4.3149631137483906e-05, 
        "fit": "average_SEM", 
        "value": 1.295578113058582e-05
    }, 
    "H1": {
        "error": 0.11746796006640776, 
        "fit": "average_SEM", 
        "value": -0.017807231430197135
    }, 
    "H2": {
        "error": 0.12257920328822036, 
        "fit": "average_SEM", 
        "value": -0.2771650990160803
    }, 
    "L1": {
        "error": 0.24746738602335985, 
        "fit": "average_SEM", 
        "value": -0.10957215495291166
    }, 
    "L2": {
        "error": 0.14661950543279287, 
        "fit": "average_SEM", 
        "value": -0.025494361548529316
    }
}