{
    "AX": {
        "error": 0.05801127743170677, 
        "fit": "average_SEM", 
        "value": -0.01680575761840575
    }, 
    "CDD": {
        "error": 3.6087511978307265e-05, 
        "fit": "average_SEM", 
        "value": 6.909749936312437e-06
    }, 
    "H1": {
        "error": 0.11216459523438654, 
        "fit": "average_SEM", 
        "value": 0.05154016367175952
    }, 
    "H2": {
        "error": 0.1208923848968285, 
        "fit": "average_SEM", 
        "value": 0.24751860887433091
    }, 
    "L1": {
        "error": 0.1913586371876013, 
        "fit": "average_SEM", 
        "value": -0.048837945129217686
    }, 
    "L2": {
        "error": 0.14222122983503518, 
        "fit": "average_SEM", 
        "value": -0.021014001215937442
    }
}