{
    "AX": {
        "error": 0.05546813443840701, 
        "fit": "average_SEM", 
        "value": -0.015682031909172008
    }, 
    "CDD": {
        "error": 1.9958566305540816e-05, 
        "fit": "average_SEM", 
        "value": 2.591156226117164e-06
    }, 
    "H1": {
        "error": 0.13058938332902548, 
        "fit": "average_SEM", 
        "value": 0.14920465744119912
    }, 
    "H2": {
        "error": 0.1336807984443043, 
        "fit": "average_SEM", 
        "value": 0.24278317008995348
    }, 
    "L1": {
        "error": 0.19725231132516502, 
        "fit": "average_SEM", 
        "value": -0.0724826821889211
    }, 
    "L2": {
        "error": 0.13690330749397572, 
        "fit": "average_SEM", 
        "value": -0.04518469748565824
    }
}