{
    "AX": {
        "error": 0.06261553002996889, 
        "fit": "average_SEM", 
        "value": 0.3412492470194896
    }, 
    "CDD": {
        "error": 2.802462017628634e-05, 
        "fit": "average_SEM", 
        "value": 5.182312452234328e-06
    }, 
    "H1": {
        "error": 0.12000700912563379, 
        "fit": "average_SEM", 
        "value": -0.060499609959272976
    }, 
    "H2": {
        "error": 0.1420382525668854, 
        "fit": "average_SEM", 
        "value": -0.1297943845410676
    }, 
    "L1": {
        "error": 0.12932524789365582, 
        "fit": "average_SEM", 
        "value": -0.11010414617679393
    }, 
    "L2": {
        "error": 0.16294828605693143, 
        "fit": "average_SEM", 
        "value": -0.13009553631854942
    }
}