{
    "AX": {
        "error": 0.06297516402110116, 
        "fit": "average_SEM", 
        "value": -0.006919506506528705
    }, 
    "CDD": {
        "error": 1.9986499931954454e-05, 
        "fit": "average_SEM", 
        "value": 2.591156226117164e-06
    }, 
    "H1": {
        "error": 0.11106375455829945, 
        "fit": "average_SEM", 
        "value": 0.00818076788855251
    }, 
    "H2": {
        "error": 0.1266920781938525, 
        "fit": "average_SEM", 
        "value": -0.09073831776622683
    }, 
    "L1": {
        "error": 0.24808983683350866, 
        "fit": "average_SEM", 
        "value": -0.12700008101625523
    }, 
    "L2": {
        "error": 0.12216564909128928, 
        "fit": "average_SEM", 
        "value": -0.15874569617250625
    }
}