{
    "AX": {
        "error": 0.05574915498157776, 
        "fit": "average_SEM", 
        "value": 0.34115968545277914
    }, 
    "CDD": {
        "error": 4.1120983104555126e-05, 
        "fit": "average_SEM", 
        "value": 1.1660203017527238e-05
    }, 
    "H1": {
        "error": 0.13739063899553555, 
        "fit": "average_SEM", 
        "value": -0.05602562947945747
    }, 
    "H2": {
        "error": 0.1434607863226974, 
        "fit": "average_SEM", 
        "value": -0.12571772319303515
    }, 
    "L1": {
        "error": 0.1284652103809217, 
        "fit": "average_SEM", 
        "value": -0.1024833514073786
    }, 
    "L2": {
        "error": 0.15085032467550308, 
        "fit": "average_SEM", 
        "value": -0.10609584979295808
    }
}