{
    "AX": {
        "error": 0.06723582553567384, 
        "fit": "average_SEM", 
        "value": 0.3492728547503551
    }, 
    "CDD": {
        "error": 3.402583532384326e-05, 
        "fit": "average_SEM", 
        "value": 7.773468678351491e-06
    }, 
    "H1": {
        "error": 0.14608040415337245, 
        "fit": "average_SEM", 
        "value": -0.0732125793544886
    }, 
    "H2": {
        "error": 0.1301871539282843, 
        "fit": "average_SEM", 
        "value": -0.14010957504312196
    }, 
    "L1": {
        "error": 0.16557093793269262, 
        "fit": "average_SEM", 
        "value": -0.0972116908368965
    }, 
    "L2": {
        "error": 0.13630771422778984, 
        "fit": "average_SEM", 
        "value": -0.11932577785822408
    }
}