{
    "AX": {
        "error": 0.05900580330117954, 
        "fit": "average_SEM", 
        "value": 0.06696914544324196
    }, 
    "CDD": {
        "error": 3.659055414416811e-05, 
        "fit": "average_SEM", 
        "value": 9.069046791410074e-06
    }, 
    "H1": {
        "error": 0.12871982520081052, 
        "fit": "average_SEM", 
        "value": 0.01163028977268065
    }, 
    "H2": {
        "error": 0.14972259039587096, 
        "fit": "average_SEM", 
        "value": -0.06328074129220719
    }, 
    "L1": {
        "error": 0.1433963401821708, 
        "fit": "average_SEM", 
        "value": -0.08217200682362696
    }, 
    "L2": {
        "error": 0.1406899289479536, 
        "fit": "average_SEM", 
        "value": -0.07664817866752856
    }
}