{
    "AX": {
        "error": 0.05809968417549985, 
        "fit": "average_SEM", 
        "value": 0.3389539737254381
    }, 
    "CDD": {
        "error": 3.451970490998712e-05, 
        "fit": "average_SEM", 
        "value": 5.182312452234328e-06
    }, 
    "H1": {
        "error": 0.13882297969504367, 
        "fit": "average_SEM", 
        "value": -0.047576536486606834
    }, 
    "H2": {
        "error": 0.1372175003105155, 
        "fit": "average_SEM", 
        "value": -0.11769911303611783
    }, 
    "L1": {
        "error": 0.1632818498539847, 
        "fit": "average_SEM", 
        "value": -0.11435450352534342
    }, 
    "L2": {
        "error": 0.19089090560294222, 
        "fit": "average_SEM", 
        "value": -0.10277954532842462
    }
}