{
    "AX": {
        "error": 0.07623823255607153, 
        "fit": "average_SEM", 
        "value": 0.2574172923962275
    }, 
    "CDD": {
        "error": 3.659055414416811e-05, 
        "fit": "average_SEM", 
        "value": 9.069046791410074e-06
    }, 
    "H1": {
        "error": 0.12890850325482112, 
        "fit": "average_SEM", 
        "value": -0.02264295779496024
    }, 
    "H2": {
        "error": 0.13947286010165053, 
        "fit": "average_SEM", 
        "value": 0.14254873437797264
    }, 
    "L1": {
        "error": 0.1473425897373937, 
        "fit": "average_SEM", 
        "value": -0.0863679921235113
    }, 
    "L2": {
        "error": 0.14605887135118337, 
        "fit": "average_SEM", 
        "value": -0.07744844417708616
    }
}