{
    "AX": {
        "error": 0.06456438073205761, 
        "fit": "average_SEM", 
        "value": 0.24399313094715278
    }, 
    "CDD": {
        "error": 2.4374420724540924e-05, 
        "fit": "average_SEM", 
        "value": 3.8867343391757455e-06
    }, 
    "H1": {
        "error": 0.12494934029259644, 
        "fit": "average_SEM", 
        "value": -0.008322336110116643
    }, 
    "H2": {
        "error": 0.1467631284485182, 
        "fit": "average_SEM", 
        "value": -0.12097002247610363
    }, 
    "L1": {
        "error": 0.1506964808628974, 
        "fit": "average_SEM", 
        "value": -0.10617408827268567
    }, 
    "L2": {
        "error": 0.1417804041788693, 
        "fit": "average_SEM", 
        "value": -0.08995325058446421
    }
}