{
    "AX": {
        "error": 0.061692348991165234, 
        "fit": "average_SEM", 
        "value": 0.2609205520401398
    }, 
    "CDD": {
        "error": 3.402583532384325e-05, 
        "fit": "average_SEM", 
        "value": 7.773468678351491e-06
    }, 
    "H1": {
        "error": 0.13498962327885677, 
        "fit": "average_SEM", 
        "value": -0.008705127713619731
    }, 
    "H2": {
        "error": 0.13873186703946608, 
        "fit": "average_SEM", 
        "value": -0.0966827281731336
    }, 
    "L1": {
        "error": 0.14416160181333268, 
        "fit": "average_SEM", 
        "value": -0.08750745268771425
    }, 
    "L2": {
        "error": 0.15491550865807927, 
        "fit": "average_SEM", 
        "value": -0.07983274086921786
    }
}