{
    "AX": {
        "error": 0.06543519580612225, 
        "fit": "average_SEM", 
        "value": 0.10475849158101483
    }, 
    "CDD": {
        "error": 0.0003987952693955193, 
        "fit": "average_SEM", 
        "value": 0.0009962996543132856
    }, 
    "H1": {
        "error": 0.12585460967809134, 
        "fit": "average_SEM", 
        "value": -0.0029402752793127244
    }, 
    "H2": {
        "error": 0.13184381891351224, 
        "fit": "average_SEM", 
        "value": -0.04505022255859027
    }, 
    "L1": {
        "error": 0.14276802919958298, 
        "fit": "average_SEM", 
        "value": -0.08730594797137504
    }, 
    "L2": {
        "error": 0.1282697652178042, 
        "fit": "average_SEM", 
        "value": -0.05710342276555214
    }
}