{
    "AX": {
        "error": 0.05917206601444794, 
        "fit": "average_SEM", 
        "value": 0.33713993802666664
    }, 
    "CDD": {
        "error": 3.402583532384325e-05, 
        "fit": "average_SEM", 
        "value": 7.773468678351491e-06
    }, 
    "H1": {
        "error": 0.12696054977282933, 
        "fit": "average_SEM", 
        "value": -0.04398013172127927
    }, 
    "H2": {
        "error": 0.16716804212745204, 
        "fit": "average_SEM", 
        "value": -0.1038911761342509
    }, 
    "L1": {
        "error": 0.13473310052030882, 
        "fit": "average_SEM", 
        "value": -0.07593800934409956
    }, 
    "L2": {
        "error": 0.14945981352627338, 
        "fit": "average_SEM", 
        "value": -0.10186857632749403
    }
}