{
    "AX": {
        "error": 0.10084778102264282, 
        "fit": "average_SEM", 
        "value": 0.35661231391131876
    }, 
    "CDD": {
        "error": 2.802462017628634e-05, 
        "fit": "average_SEM", 
        "value": 5.182312452234328e-06
    }, 
    "H1": {
        "error": 0.1271479231830025, 
        "fit": "average_SEM", 
        "value": -0.07188723776101445
    }, 
    "H2": {
        "error": 0.19083565874559488, 
        "fit": "average_SEM", 
        "value": -0.10002719459589571
    }, 
    "L1": {
        "error": 0.1623872086238631, 
        "fit": "average_SEM", 
        "value": -0.09126159503745536
    }, 
    "L2": {
        "error": 0.1426260696069857, 
        "fit": "average_SEM", 
        "value": -0.12876425983461862
    }
}