{
    "AX": {
        "error": 0.05572347561365718, 
        "fit": "average_SEM", 
        "value": -0.01732169337628875
    }, 
    "CDD": {
        "error": 2.8024620176286337e-05, 
        "fit": "average_SEM", 
        "value": 5.182312452234328e-06
    }, 
    "H1": {
        "error": 0.11443156812119795, 
        "fit": "average_SEM", 
        "value": -0.0264621104618224
    }, 
    "H2": {
        "error": 0.12753706803812287, 
        "fit": "average_SEM", 
        "value": 0.16359648228778192
    }, 
    "L1": {
        "error": 0.2016214654069086, 
        "fit": "average_SEM", 
        "value": -0.12406705790216771
    }, 
    "L2": {
        "error": 0.1343570997927158, 
        "fit": "average_SEM", 
        "value": -0.16506966661351422
    }
}