{
    "AX": {
        "error": 0.0606484624051723, 
        "fit": "average_SEM", 
        "value": 0.34797766941289104
    }, 
    "CDD": {
        "error": 2.802462017628634e-05, 
        "fit": "average_SEM", 
        "value": 5.182312452234328e-06
    }, 
    "H1": {
        "error": 0.1288831384490639, 
        "fit": "average_SEM", 
        "value": -0.04589645884698257
    }, 
    "H2": {
        "error": 0.1329316753254366, 
        "fit": "average_SEM", 
        "value": -0.11448450522730128
    }, 
    "L1": {
        "error": 0.12987955015403294, 
        "fit": "average_SEM", 
        "value": -0.08142455160656634
    }, 
    "L2": {
        "error": 0.1622543779671134, 
        "fit": "average_SEM", 
        "value": -0.08517055156310865
    }
}