{
    "AX": {
        "error": 0.05793123005805492, 
        "fit": "average_SEM", 
        "value": -0.003139093430460586
    }, 
    "CDD": {
        "error": 4.1120983104555126e-05, 
        "fit": "average_SEM", 
        "value": 1.1660203017527238e-05
    }, 
    "H1": {
        "error": 0.12032398180764764, 
        "fit": "average_SEM", 
        "value": -0.020139169072111447
    }, 
    "H2": {
        "error": 0.12092542714114407, 
        "fit": "average_SEM", 
        "value": -0.2922284642855326
    }, 
    "L1": {
        "error": 0.2598482325559889, 
        "fit": "average_SEM", 
        "value": -0.05978477384972696
    }, 
    "L2": {
        "error": 0.13828427887896322, 
        "fit": "average_SEM", 
        "value": -0.03547097053960897
    }
}