{
    "AX": {
        "error": 0.05467100477242074, 
        "fit": "average_SEM", 
        "value": 0.07688609602725288
    }, 
    "CDD": {
        "error": 4.1120983104555126e-05, 
        "fit": "average_SEM", 
        "value": 1.1660203017527238e-05
    }, 
    "H1": {
        "error": 0.12212338844002468, 
        "fit": "average_SEM", 
        "value": 0.00770392941673587
    }, 
    "H2": {
        "error": 0.13909145168166842, 
        "fit": "average_SEM", 
        "value": -0.048970405620639215
    }, 
    "L1": {
        "error": 0.15727255463955458, 
        "fit": "average_SEM", 
        "value": -0.07618340469877391
    }, 
    "L2": {
        "error": 0.1377092979877653, 
        "fit": "average_SEM", 
        "value": -0.08005566338445837
    }
}