{
    "AX": {
        "error": 0.059240391094759676, 
        "fit": "average_SEM", 
        "value": 0.09332977352120603
    }, 
    "CDD": {
        "error": 5.0988983346442895e-05, 
        "fit": "average_SEM", 
        "value": 1.5546937356702982e-05
    }, 
    "H1": {
        "error": 0.12460438371084132, 
        "fit": "average_SEM", 
        "value": -0.01698850453782749
    }, 
    "H2": {
        "error": 0.13709897070366395, 
        "fit": "average_SEM", 
        "value": -0.06511597740948977
    }, 
    "L1": {
        "error": 0.1423840363172704, 
        "fit": "average_SEM", 
        "value": -0.08882733702557744
    }, 
    "L2": {
        "error": 0.16141094905149753, 
        "fit": "average_SEM", 
        "value": -0.07562153233254018
    }
}