{
    "AX": {
        "error": 0.06485403399990422, 
        "fit": "average_SEM", 
        "value": 0.3448486691961686
    }, 
    "CDD": {
        "error": 0.0015428397278134066, 
        "fit": "average_SEM", 
        "value": 0.00026429808834412444
    }, 
    "H1": {
        "error": 0.1482934343193928, 
        "fit": "average_SEM", 
        "value": -0.056325495618511925
    }, 
    "H2": {
        "error": 0.15753765417826116, 
        "fit": "average_SEM", 
        "value": -0.14241523142748821
    }, 
    "L1": {
        "error": 0.14729434236074387, 
        "fit": "average_SEM", 
        "value": -0.09270304611418397
    }, 
    "L2": {
        "error": 0.15172318769772766, 
        "fit": "average_SEM", 
        "value": -0.11805603644412864
    }
}