{
    "AX": {
        "error": 0.05584973333030629, 
        "fit": "average_SEM", 
        "value": 0.10790279695453743
    }, 
    "CDD": {
        "error": 0.0006786190339926493, 
        "fit": "average_SEM", 
        "value": 0.0005208224509260617
    }, 
    "H1": {
        "error": 0.14005037581447666, 
        "fit": "average_SEM", 
        "value": 0.008887387429907297
    }, 
    "H2": {
        "error": 0.14207971265558964, 
        "fit": "average_SEM", 
        "value": -0.02375799049041234
    }, 
    "L1": {
        "error": 0.14702021705638937, 
        "fit": "average_SEM", 
        "value": -0.10214725969926804
    }, 
    "L2": {
        "error": 0.13670768766635547, 
        "fit": "average_SEM", 
        "value": -0.07118011356797069
    }
}