{
    "AX": {
        "error": 0.049324229056646386, 
        "fit": "average_SEM", 
        "value": -0.0047916056287552545
    }, 
    "CDD": {
        "error": 0.0001581891679285064, 
        "fit": "average_SEM", 
        "value": 0.00012437550127894308
    }, 
    "H1": {
        "error": 0.12319308965901317, 
        "fit": "average_SEM", 
        "value": -0.009338182302599307
    }, 
    "H2": {
        "error": 0.13080329804468074, 
        "fit": "average_SEM", 
        "value": 0.1882687293399916
    }, 
    "L1": {
        "error": 0.21955272659879707, 
        "fit": "average_SEM", 
        "value": -0.13449553611862938
    }, 
    "L2": {
        "error": 0.12972251377415206, 
        "fit": "average_SEM", 
        "value": -0.14279761093057458
    }
}