{
    "AX": {
        "error": 0.05755596746087675, 
        "fit": "average_SEM", 
        "value": 0.009369832682841662
    }, 
    "CDD": {
        "error": 0.00014345962507232276, 
        "fit": "average_SEM", 
        "value": 0.00012826223537558689
    }, 
    "H1": {
        "error": 0.13104749032626772, 
        "fit": "average_SEM", 
        "value": -0.025062825997883918
    }, 
    "H2": {
        "error": 0.11525099208209791, 
        "fit": "average_SEM", 
        "value": -0.3013769124945005
    }, 
    "L1": {
        "error": 0.19673329568124445, 
        "fit": "average_SEM", 
        "value": 0.043262097486876885
    }, 
    "L2": {
        "error": 0.14332263977245707, 
        "fit": "average_SEM", 
        "value": -0.05024562106743057
    }
}