{
    "AX": {
        "error": 0.06735294240731689, 
        "fit": "average_SEM", 
        "value": 0.06716554678811613
    }, 
    "CDD": {
        "error": 2.802462017628634e-05, 
        "fit": "average_SEM", 
        "value": 5.182312452234328e-06
    }, 
    "H1": {
        "error": 0.12150272445054652, 
        "fit": "average_SEM", 
        "value": -0.009155135777352068
    }, 
    "H2": {
        "error": 0.14002445529785612, 
        "fit": "average_SEM", 
        "value": -0.08039478455126907
    }, 
    "L1": {
        "error": 0.15736127525912177, 
        "fit": "average_SEM", 
        "value": -0.07750468182815287
    }, 
    "L2": {
        "error": 0.13070764192778916, 
        "fit": "average_SEM", 
        "value": -0.08171703068170852
    }
}