{
    "AX": {
        "error": 0.05553597611773263, 
        "fit": "average_SEM", 
        "value": -0.0039948050383827646
    }, 
    "CDD": {
        "error": 0.00013469699043153088, 
        "fit": "average_SEM", 
        "value": 0.00012826223464799114
    }, 
    "H1": {
        "error": 0.10483159277384342, 
        "fit": "average_SEM", 
        "value": -0.01591782411657429
    }, 
    "H2": {
        "error": 0.10714155157301422, 
        "fit": "average_SEM", 
        "value": -0.30070440005511045
    }, 
    "L1": {
        "error": 0.1848692704559213, 
        "fit": "average_SEM", 
        "value": 0.040592695340516606
    }, 
    "L2": {
        "error": 0.13385894305644533, 
        "fit": "average_SEM", 
        "value": -0.050031498728397614
    }
}