{
    "AX": {
        "error": 0.07498132079647124, 
        "fit": "average_SEM", 
        "value": 0.3575310400376717
    }, 
    "CDD": {
        "error": 0.00012640572728704199, 
        "fit": "average_SEM", 
        "value": 0.00010364625001481423
    }, 
    "H1": {
        "error": 0.12685220280040055, 
        "fit": "average_SEM", 
        "value": -0.037869415862041934
    }, 
    "H2": {
        "error": 0.15174017138095572, 
        "fit": "average_SEM", 
        "value": -0.12560809188338073
    }, 
    "L1": {
        "error": 0.1223005468302712, 
        "fit": "average_SEM", 
        "value": -0.0842953904665895
    }, 
    "L2": {
        "error": 0.11711903017667251, 
        "fit": "average_SEM", 
        "value": -0.11211318205229569
    }
}