{
    "AX": {
        "error": 0.06830848976316271, 
        "fit": "average_SEM", 
        "value": 0.35650668032467364
    }, 
    "CDD": {
        "error": 0.0001187844533056639, 
        "fit": "average_SEM", 
        "value": 0.00011401087443421906
    }, 
    "H1": {
        "error": 0.17114846727967598, 
        "fit": "average_SEM", 
        "value": -0.01440954124457979
    }, 
    "H2": {
        "error": 0.14373531699243755, 
        "fit": "average_SEM", 
        "value": -0.15170652703382076
    }, 
    "L1": {
        "error": 0.14529076167956792, 
        "fit": "average_SEM", 
        "value": -0.09253394163679332
    }, 
    "L2": {
        "error": 0.15438445196685976, 
        "fit": "average_SEM", 
        "value": -0.11298109344036979
    }
}