{
    "AX": {
        "error": 0.05944958913782886, 
        "fit": "average_SEM", 
        "value": 0.3378317633022865
    }, 
    "CDD": {
        "error": 0.00012120362308546072, 
        "fit": "average_SEM", 
        "value": 0.00010494182837040474
    }, 
    "H1": {
        "error": 0.1280461382715831, 
        "fit": "average_SEM", 
        "value": -0.0347220102121355
    }, 
    "H2": {
        "error": 0.13341162988039482, 
        "fit": "average_SEM", 
        "value": -0.12046606840449385
    }, 
    "L1": {
        "error": 0.14755408410723547, 
        "fit": "average_SEM", 
        "value": -0.10071218185282002
    }, 
    "L2": {
        "error": 0.156969181194627, 
        "fit": "average_SEM", 
        "value": -0.11087313940127691
    }
}