{
    "AX": {
        "error": 0.05824581888033364, 
        "fit": "average_SEM", 
        "value": 0.007018855009422017
    }, 
    "CDD": {
        "error": 0.00013277319094962196, 
        "fit": "average_SEM", 
        "value": 0.00011012414082263906
    }, 
    "H1": {
        "error": 0.1130485301764972, 
        "fit": "average_SEM", 
        "value": -0.02510161959459462
    }, 
    "H2": {
        "error": 0.1212703707401495, 
        "fit": "average_SEM", 
        "value": -0.29266393890914816
    }, 
    "L1": {
        "error": 0.19024211694757237, 
        "fit": "average_SEM", 
        "value": 0.03296268696043019
    }, 
    "L2": {
        "error": 0.12514622907267578, 
        "fit": "average_SEM", 
        "value": -0.039717766562171165
    }
}