{
    "AX": {
        "error": 0.06069373318668761, 
        "fit": "average_SEM", 
        "value": 0.08576872593087805
    }, 
    "CDD": {
        "error": 0.00024149432874809952, 
        "fit": "average_SEM", 
        "value": 0.00013603570696432143
    }, 
    "H1": {
        "error": 0.130658304265854, 
        "fit": "average_SEM", 
        "value": 0.010848495354002808
    }, 
    "H2": {
        "error": 0.14170872502153292, 
        "fit": "average_SEM", 
        "value": -0.05358146624203073
    }, 
    "L1": {
        "error": 0.15942460196849448, 
        "fit": "average_SEM", 
        "value": -0.08999559265115144
    }, 
    "L2": {
        "error": 0.1678529943952983, 
        "fit": "average_SEM", 
        "value": -0.06767239146884094
    }
}