{
    "AX": {
        "error": 0.06310614112200544, 
        "fit": "average_SEM", 
        "value": 0.009688594309651914
    }, 
    "CDD": {
        "error": 0.00011542389078998485, 
        "fit": "average_SEM", 
        "value": 0.00010753298411145807
    }, 
    "H1": {
        "error": 0.11534058773308145, 
        "fit": "average_SEM", 
        "value": 0.0014942434577581783
    }, 
    "H2": {
        "error": 0.12199001644587391, 
        "fit": "average_SEM", 
        "value": -0.2876911112825231
    }, 
    "L1": {
        "error": 0.25601670632213624, 
        "fit": "average_SEM", 
        "value": -0.10580074526321065
    }, 
    "L2": {
        "error": 0.14921226409788033, 
        "fit": "average_SEM", 
        "value": -0.05512062777900913
    }
}