{
    "AX": {
        "error": 0.06559474549857865, 
        "fit": "average_SEM", 
        "value": 0.25717170890420676
    }, 
    "CDD": {
        "error": 4.3149631137483906e-05, 
        "fit": "average_SEM", 
        "value": 1.295578113058582e-05
    }, 
    "H1": {
        "error": 0.1301482441299604, 
        "fit": "average_SEM", 
        "value": -0.019049001056919222
    }, 
    "H2": {
        "error": 0.2035115595533134, 
        "fit": "average_SEM", 
        "value": -0.12434746382641607
    }, 
    "L1": {
        "error": 0.13705647356444087, 
        "fit": "average_SEM", 
        "value": -0.09636916650924832
    }, 
    "L2": {
        "error": 0.13980733694400782, 
        "fit": "average_SEM", 
        "value": -0.07983180185547098
    }
}