{
    "AX": {
        "error": 0.055950871708410226, 
        "fit": "average_SEM", 
        "value": -0.008443631233229906
    }, 
    "CDD": {
        "error": 4.677091221702463e-05, 
        "fit": "average_SEM", 
        "value": 1.5546937356702982e-05
    }, 
    "H1": {
        "error": 0.11965141883732837, 
        "fit": "average_SEM", 
        "value": 0.05226364559869883
    }, 
    "H2": {
        "error": 0.13361037602947676, 
        "fit": "average_SEM", 
        "value": 0.24371396380528393
    }, 
    "L1": {
        "error": 0.20700108258764174, 
        "fit": "average_SEM", 
        "value": -0.07384450318976027
    }, 
    "L2": {
        "error": 0.11807682194839182, 
        "fit": "average_SEM", 
        "value": -0.0467528275383908
    }
}