{
    "Ar36": {
        "error": 0.0066491517751648679, 
        "fit": "parabolic", 
        "value": 0.27073873517928587
    }, 
    "Ar37": {
        "error": 0.13979077122861167, 
        "fit": "linear", 
        "value": -0.060191837066637638
    }, 
    "Ar38": {
        "error": 0.14762849843875753, 
        "fit": "linear", 
        "value": -0.04158717176060088
    }, 
    "Ar39": {
        "error": 0.058481921528124314, 
        "fit": "parabolic", 
        "value": 0.09957862479982231
    }, 
    "Ar40": {
        "error": 0.17510896717008029, 
        "fit": "parabolic", 
        "value": 82.871429509319455
    }, 
    "Ar41": {
        "error": 0.14206062607885236, 
        "fit": "average_SEM", 
        "value": -0.059569678792722701
    }
}