{
    "Ar36": {
        "error": 0.0066741564390220146, 
        "fit": "parabolic", 
        "value": 0.27241650811685675
    }, 
    "Ar37": {
        "error": 0.13750255562072772, 
        "fit": "linear", 
        "value": -0.13070113467226024
    }, 
    "Ar38": {
        "error": 0.17843416580193602, 
        "fit": "linear", 
        "value": -0.098203132711405502
    }, 
    "Ar39": {
        "error": 0.060277817027517229, 
        "fit": "parabolic", 
        "value": 0.0082721572440036598
    }, 
    "Ar40": {
        "error": 0.17670925759554695, 
        "fit": "parabolic", 
        "value": 83.534092054455812
    }, 
    "Ar41": {
        "error": 0.1221599744570394, 
        "fit": "average_SEM", 
        "value": 0.17212494955805596
    }
}