{
    "Ar36": {
        "error": 0.0059928206509694913, 
        "fit": "parabolic", 
        "value": 0.27583207327314208
    }, 
    "Ar37": {
        "error": 0.13451541309148909, 
        "fit": "linear", 
        "value": -0.0025523494983631153
    }, 
    "Ar38": {
        "error": 0.18956891766126674, 
        "fit": "linear", 
        "value": 0.0028250140397878959
    }, 
    "Ar39": {
        "error": 0.059664736362032164, 
        "fit": "parabolic", 
        "value": 0.010283690677407843
    }, 
    "Ar40": {
        "error": 0.16331435281907442, 
        "fit": "parabolic", 
        "value": 84.004499311858751
    }, 
    "Ar41": {
        "error": 0.13516405206861729, 
        "fit": "average_SEM", 
        "value": 0.24691934731429985
    }
}