{
    "Ar36": {
        "error": 0.026424821055639033, 
        "fit": "parabolic", 
        "value": 4.4136045768839871
    }, 
    "Ar37": {
        "error": 0.1412674397453931, 
        "fit": "linear", 
        "value": -0.085060947310733409
    }, 
    "Ar38": {
        "error": 0.15398423558605695, 
        "fit": "linear", 
        "value": 0.74597508947641211
    }, 
    "Ar39": {
        "error": 0.076794407377654653, 
        "fit": "parabolic", 
        "value": 0.35757439783651823
    }, 
    "Ar40": {
        "error": 0.476090830528626, 
        "fit": "parabolic", 
        "value": 1337.5451134852601
    }, 
    "Ar41": {
        "error": 0.15222709436943166, 
        "fit": "average_SEM", 
        "value": -0.089528239321662109
    }
}