{
    "Ar36": {
        "error": 0.025771723164113743, 
        "fit": "parabolic", 
        "value": 4.408191366157979
    }, 
    "Ar37": {
        "error": 0.16493617757480852, 
        "fit": "linear", 
        "value": -0.12713141307490658
    }, 
    "Ar38": {
        "error": 0.1540933498300035, 
        "fit": "linear", 
        "value": 0.70889276546491975
    }, 
    "Ar39": {
        "error": 0.069119243469909081, 
        "fit": "parabolic", 
        "value": 0.35781081984723473
    }, 
    "Ar40": {
        "error": 0.45833233076596946, 
        "fit": "parabolic", 
        "value": 1336.1267085121497
    }, 
    "Ar41": {
        "error": 0.14463556995176594, 
        "fit": "average_SEM", 
        "value": -0.086165440445765851
    }
}