{
    "Ar36": {
        "error": 0.0070615041233162345, 
        "fit": "parabolic", 
        "value": 0.26971788864353841
    }, 
    "Ar37": {
        "error": 0.1330744788678638, 
        "fit": "linear", 
        "value": -0.091857377128083367
    }, 
    "Ar38": {
        "error": 0.14062799038892285, 
        "fit": "linear", 
        "value": -0.059785125333626427
    }, 
    "Ar39": {
        "error": 0.060934395776825558, 
        "fit": "parabolic", 
        "value": 0.27548400140793411
    }, 
    "Ar40": {
        "error": 0.17980772551446808, 
        "fit": "parabolic", 
        "value": 82.909346075460036
    }, 
    "Ar41": {
        "error": 0.13699650827360033, 
        "fit": "average_SEM", 
        "value": -0.12007261820861459
    }
}