{
    "Ar36": {
        "error": 0.02679581015218906, 
        "fit": "parabolic", 
        "value": 4.4089882647707554
    }, 
    "Ar37": {
        "error": 0.1645312355441321, 
        "fit": "linear", 
        "value": -0.078568171309506274
    }, 
    "Ar38": {
        "error": 0.15015954762091005, 
        "fit": "linear", 
        "value": 0.76315911760715316
    }, 
    "Ar39": {
        "error": 0.062704438945188429, 
        "fit": "parabolic", 
        "value": 0.35634880426511473
    }, 
    "Ar40": {
        "error": 0.48220604729026756, 
        "fit": "parabolic", 
        "value": 1336.6517809611198
    }, 
    "Ar41": {
        "error": 0.166329256742999, 
        "fit": "average_SEM", 
        "value": -0.074616504574078132
    }
}