{
    "Ar36": {
        "error": 0.0062641157183970829, 
        "fit": "parabolic", 
        "value": 0.27592161937216209
    }, 
    "Ar37": {
        "error": 0.13703428396489825, 
        "fit": "linear", 
        "value": -0.034731832226251411
    }, 
    "Ar38": {
        "error": 0.20697018319860377, 
        "fit": "linear", 
        "value": -0.021533661345729788
    }, 
    "Ar39": {
        "error": 0.057399984420911189, 
        "fit": "parabolic", 
        "value": 0.017831363163836735
    }, 
    "Ar40": {
        "error": 0.16065980682029377, 
        "fit": "parabolic", 
        "value": 84.055320662297845
    }, 
    "Ar41": {
        "error": 0.12239040229900727, 
        "fit": "average_SEM", 
        "value": 0.24793686572501125
    }
}