{
    "Ar36": {
        "error": 0.0063391817620738105, 
        "fit": "parabolic", 
        "value": 0.27180290647418576
    }, 
    "Ar37": {
        "error": 0.14288321728039005, 
        "fit": "linear", 
        "value": -0.067896750203782427
    }, 
    "Ar38": {
        "error": 0.14079408093803833, 
        "fit": "linear", 
        "value": -0.033876855557415
    }, 
    "Ar39": {
        "error": 0.073439646212235712, 
        "fit": "parabolic", 
        "value": 0.28896902415557735
    }, 
    "Ar40": {
        "error": 0.16448968155267121, 
        "fit": "parabolic", 
        "value": 82.860533589584492
    }, 
    "Ar41": {
        "error": 0.14989523822557776, 
        "fit": "average_SEM", 
        "value": -0.11507540162012447
    }
}