{
    "Ar36": {
        "error": 0.006629456819870142, 
        "fit": "parabolic", 
        "value": 0.27335603553444132
    }, 
    "Ar37": {
        "error": 0.14462934238702252, 
        "fit": "linear", 
        "value": -0.13733254382891974
    }, 
    "Ar38": {
        "error": 0.22321449798078968, 
        "fit": "linear", 
        "value": -0.070528474418782364
    }, 
    "Ar39": {
        "error": 0.063179894993805483, 
        "fit": "parabolic", 
        "value": 0.00013612242497276945
    }, 
    "Ar40": {
        "error": 0.16162786217474717, 
        "fit": "parabolic", 
        "value": 83.606196745153028
    }, 
    "Ar41": {
        "error": 0.18075264361271812, 
        "fit": "average_SEM", 
        "value": 0.092614420441095718
    }
}