{
    "Ar36": {
        "error": 0.0066137376489044776, 
        "fit": "parabolic", 
        "value": 0.271493615343327
    }, 
    "Ar37": {
        "error": 0.13900765679529029, 
        "fit": "linear", 
        "value": -0.055900555289628819
    }, 
    "Ar38": {
        "error": 0.15695906672108687, 
        "fit": "linear", 
        "value": -0.052006063076660072
    }, 
    "Ar39": {
        "error": 0.065601835534309857, 
        "fit": "parabolic", 
        "value": 0.27301786298315689
    }, 
    "Ar40": {
        "error": 0.16788301537231956, 
        "fit": "parabolic", 
        "value": 82.844270743471014
    }, 
    "Ar41": {
        "error": 0.15198077660132656, 
        "fit": "average_SEM", 
        "value": 0.1540227853198303
    }
}