{
    "Ar36": {
        "error": 0.0017065738875501931, 
        "fit": "parabolic", 
        "value": 0.015984286912391711
    }, 
    "Ar37": {
        "error": 0.13070470968572334, 
        "fit": "linear", 
        "value": -0.047523115212002261
    }, 
    "Ar38": {
        "error": 0.17995994639063645, 
        "fit": "linear", 
        "value": -0.092324397091743324
    }, 
    "Ar39": {
        "error": 0.0077259563833058141, 
        "fit": "parabolic", 
        "value": 0.02056719722470831
    }, 
    "Ar40": {
        "error": 0.14843611664527043, 
        "fit": "parabolic", 
        "value": 4.9882824694095023
    }, 
    "Ar41": {
        "error": 0.12633819528707504, 
        "fit": "average_SEM", 
        "value": 0.23640784071370338
    }
}