{
    "Ar36": {
        "error": 0.0018485806640677518, 
        "fit": "parabolic", 
        "value": 0.018492619284813674
    }, 
    "Ar37": {
        "error": 0.14520482488557607, 
        "fit": "linear", 
        "value": -0.16958651189629376
    }, 
    "Ar38": {
        "error": 0.18302990294908375, 
        "fit": "linear", 
        "value": -0.16744468944350283
    }, 
    "Ar39": {
        "error": 0.061038329345790766, 
        "fit": "parabolic", 
        "value": -0.021892529012367802
    }, 
    "Ar40": {
        "error": 0.13213708534582325, 
        "fit": "parabolic", 
        "value": 5.3539076641603209
    }, 
    "Ar41": {
        "error": 0.12670380978275961, 
        "fit": "average_SEM", 
        "value": -0.1227772765175905
    }
}