{
    "Ar36": {
        "error": 0.0014487397478805406, 
        "fit": "parabolic", 
        "value": 0.0096259207384230411
    }, 
    "Ar37": {
        "error": 0.14009564438502015, 
        "fit": "linear", 
        "value": -0.056075242859997265
    }, 
    "Ar38": {
        "error": 0.18985114617676374, 
        "fit": "linear", 
        "value": -0.077174882625118402
    }, 
    "Ar39": {
        "error": 0.060632297656769966, 
        "fit": "parabolic", 
        "value": 0.0073667643367915153
    }, 
    "Ar40": {
        "error": 0.1274533961772541, 
        "fit": "parabolic", 
        "value": 2.8872763705696443
    }, 
    "Ar41": {
        "error": 0.12046123628929351, 
        "fit": "average_SEM", 
        "value": 0.2387211204849882
    }
}