{
    "Ar36": {
        "error": 0.0012842294606884384, 
        "fit": "parabolic", 
        "value": 0.0094250859712556555
    }, 
    "Ar37": {
        "error": 0.13950145480380283, 
        "fit": "linear", 
        "value": -0.048033416179860913
    }, 
    "Ar38": {
        "error": 0.21253933416272017, 
        "fit": "linear", 
        "value": -0.025090368155115103
    }, 
    "Ar39": {
        "error": 0.064513021644406629, 
        "fit": "parabolic", 
        "value": 0.0030093166389892636
    }, 
    "Ar40": {
        "error": 0.13524655912196143, 
        "fit": "parabolic", 
        "value": 2.8033504915368397
    }, 
    "Ar41": {
        "error": 0.12045375342851301, 
        "fit": "average_SEM", 
        "value": 0.22692172685441311
    }
}