{
    "Ar36": {
        "error": 0.0014364016562978207, 
        "fit": "parabolic", 
        "value": 0.010920503418762892
    }, 
    "Ar37": {
        "error": 0.14391733767108036, 
        "fit": "linear", 
        "value": -0.082651404254824701
    }, 
    "Ar38": {
        "error": 0.20597683955416474, 
        "fit": "linear", 
        "value": -0.11257106297929736
    }, 
    "Ar39": {
        "error": 0.05834121373364691, 
        "fit": "parabolic", 
        "value": 0.004220262158644697
    }, 
    "Ar40": {
        "error": 0.12924179650484252, 
        "fit": "parabolic", 
        "value": 3.2116302187344448
    }, 
    "Ar41": {
        "error": 0.12087726055480505, 
        "fit": "average_SEM", 
        "value": 0.19902313153783324
    }
}