{
    "Ar36": {
        "error": 0.0016878058974537653, 
        "fit": "parabolic", 
        "value": 0.018163041523796917
    }, 
    "Ar37": {
        "error": 0.1397079728814257, 
        "fit": "linear", 
        "value": -0.10936662810216818
    }, 
    "Ar38": {
        "error": 0.21276031364323292, 
        "fit": "linear", 
        "value": -0.11108327658288331
    }, 
    "Ar39": {
        "error": 0.060036334664244531, 
        "fit": "parabolic", 
        "value": 0.0091583381099754405
    }, 
    "Ar40": {
        "error": 0.13967886605848126, 
        "fit": "parabolic", 
        "value": 5.565939321855998
    }, 
    "Ar41": {
        "error": 0.12230078451696086, 
        "fit": "average_SEM", 
        "value": 0.19086810564462212
    }
}