{
    "Ar36": {
        "error": 0.0017487144051856853, 
        "fit": "parabolic", 
        "value": 0.018154431196428907
    }, 
    "Ar37": {
        "error": 0.13634623374286209, 
        "fit": "linear", 
        "value": -0.13916034973032515
    }, 
    "Ar38": {
        "error": 0.18286028524374554, 
        "fit": "linear", 
        "value": -0.16555338301651445
    }, 
    "Ar39": {
        "error": 0.056139267905920845, 
        "fit": "parabolic", 
        "value": -0.014995413832132064
    }, 
    "Ar40": {
        "error": 0.14314245296424469, 
        "fit": "parabolic", 
        "value": 5.4121624719292267
    }, 
    "Ar41": {
        "error": 0.12002254736829113, 
        "fit": "average_SEM", 
        "value": 0.15935799225349911
    }
}