{
    "Ar36": {
        "error": 0.0014414618781614971, 
        "fit": "parabolic", 
        "value": 0.0095555647726838881
    }, 
    "Ar37": {
        "error": 0.13888034881381903, 
        "fit": "linear", 
        "value": -0.072301261829250285
    }, 
    "Ar38": {
        "error": 0.15504009709674163, 
        "fit": "linear", 
        "value": -0.084790586136614998
    }, 
    "Ar39": {
        "error": 0.060387944212349352, 
        "fit": "parabolic", 
        "value": 0.10008196775425116
    }, 
    "Ar40": {
        "error": 0.1337903740670299, 
        "fit": "parabolic", 
        "value": 2.7432430709175613
    }, 
    "Ar41": {
        "error": 0.13716091180690648, 
        "fit": "average_SEM", 
        "value": -0.044106355332769451
    }
}