{
    "Ar36": {
        "error": 0.0012405423971884257, 
        "fit": "parabolic", 
        "value": 0.0093399869768707525
    }, 
    "Ar37": {
        "error": 0.13796524767749765, 
        "fit": "linear", 
        "value": -0.071188159922128222
    }, 
    "Ar38": {
        "error": 0.14717013624636618, 
        "fit": "linear", 
        "value": -0.099641170144784172
    }, 
    "Ar39": {
        "error": 0.059101949281530126, 
        "fit": "parabolic", 
        "value": 0.10199162276487672
    }, 
    "Ar40": {
        "error": 0.13546131333432873, 
        "fit": "parabolic", 
        "value": 2.7031253085138776
    }, 
    "Ar41": {
        "error": 0.13099098584956603, 
        "fit": "average_SEM", 
        "value": -0.062080702771309004
    }
}