{
    "Ar36": {
        "error": 0.0017048455813788953, 
        "fit": "parabolic", 
        "value": 0.016903762759629168
    }, 
    "Ar37": {
        "error": 0.14889318854440706, 
        "fit": "linear", 
        "value": -0.019984646247262136
    }, 
    "Ar38": {
        "error": 0.19462319161179201, 
        "fit": "linear", 
        "value": -0.035342613651252866
    }, 
    "Ar39": {
        "error": 0.0059584960405999077, 
        "fit": "parabolic", 
        "value": 0.015845714100623558
    }, 
    "Ar40": {
        "error": 0.12892029117480594, 
        "fit": "parabolic", 
        "value": 5.204100600581862
    }, 
    "Ar41": {
        "error": 0.11578148665002749, 
        "fit": "average_SEM", 
        "value": 0.24462707470714426
    }
}