{
    "Ar36": {
        "error": 0.0013725001453202398, 
        "fit": "parabolic", 
        "value": 0.009820627062921701
    }, 
    "Ar37": {
        "error": 0.13872544284247518, 
        "fit": "linear", 
        "value": -0.094704503047728358
    }, 
    "Ar38": {
        "error": 0.2213150969840332, 
        "fit": "linear", 
        "value": -0.13323140637399705
    }, 
    "Ar39": {
        "error": 0.056560961387461257, 
        "fit": "parabolic", 
        "value": 0.0044458412331039336
    }, 
    "Ar40": {
        "error": 0.12260521608996644, 
        "fit": "parabolic", 
        "value": 3.0404628725981797
    }, 
    "Ar41": {
        "error": 0.13432005212634568, 
        "fit": "average_SEM", 
        "value": 0.19775187145452947
    }
}