{
    "Ar36": {
        "error": 0.0013778006798089344, 
        "fit": "parabolic", 
        "value": 0.009562008065278356
    }, 
    "Ar37": {
        "error": 0.13621157306642895, 
        "fit": "linear", 
        "value": -0.058499628674323664
    }, 
    "Ar38": {
        "error": 0.15802510507941858, 
        "fit": "linear", 
        "value": -0.098270047793382442
    }, 
    "Ar39": {
        "error": 0.061935977981451923, 
        "fit": "parabolic", 
        "value": 0.067632928893202271
    }, 
    "Ar40": {
        "error": 0.13457233706735069, 
        "fit": "parabolic", 
        "value": 2.7653869409637339
    }, 
    "Ar41": {
        "error": 0.13980859784449093, 
        "fit": "average_SEM", 
        "value": -0.067923952436831317
    }
}