{
    "Ar36": {
        "error": 0.0012171880331250831, 
        "fit": "parabolic", 
        "value": 0.0079651980896095348
    }, 
    "Ar37": {
        "error": 0.15400593874945004, 
        "fit": "linear", 
        "value": -0.065617301524427685
    }, 
    "Ar38": {
        "error": 0.14474814352263971, 
        "fit": "linear", 
        "value": -0.067293726394255807
    }, 
    "Ar39": {
        "error": 0.060323214022600213, 
        "fit": "parabolic", 
        "value": 0.267088062365201
    }, 
    "Ar40": {
        "error": 0.14602022549212321, 
        "fit": "parabolic", 
        "value": 2.3746766674058657
    }, 
    "Ar41": {
        "error": 0.1381568068884749, 
        "fit": "average_SEM", 
        "value": -0.11375818223692477
    }
}