{
    "Ar36": {
        "error": 0.0014764093032978336, 
        "fit": "parabolic", 
        "value": 0.0091366941820419482
    }, 
    "Ar37": {
        "error": 0.13451848710492223, 
        "fit": "linear", 
        "value": -0.06158281349488183
    }, 
    "Ar38": {
        "error": 0.1492681824841734, 
        "fit": "linear", 
        "value": -0.086169073738760912
    }, 
    "Ar39": {
        "error": 0.06220515528341377, 
        "fit": "parabolic", 
        "value": 0.080470239878373193
    }, 
    "Ar40": {
        "error": 0.14065073194642674, 
        "fit": "parabolic", 
        "value": 2.7426233139726159
    }, 
    "Ar41": {
        "error": 0.14114693232710157, 
        "fit": "average_SEM", 
        "value": 0.20899944254255387
    }
}