{
    "Ar36": {
        "error": 0.0013786482644473767, 
        "fit": "parabolic", 
        "value": 0.0091533491306454613
    }, 
    "Ar37": {
        "error": 0.13940399903699643, 
        "fit": "linear", 
        "value": -0.034086334167187385
    }, 
    "Ar38": {
        "error": 0.20454033764329865, 
        "fit": "linear", 
        "value": -0.060105509417906169
    }, 
    "Ar39": {
        "error": 0.060848026837728421, 
        "fit": "parabolic", 
        "value": -0.012218062798487032
    }, 
    "Ar40": {
        "error": 0.13395495852442901, 
        "fit": "parabolic", 
        "value": 2.8354494185741519
    }, 
    "Ar41": {
        "error": 0.12328283894632877, 
        "fit": "average_SEM", 
        "value": 0.23785985067108414
    }
}