{
    "Ar36": {
        "error": 0.0013240783026769918, 
        "fit": "parabolic", 
        "value": 0.008934060952897567
    }, 
    "Ar37": {
        "error": 0.13479599194500166, 
        "fit": "linear", 
        "value": -0.044378463369109881
    }, 
    "Ar38": {
        "error": 0.15246362261824756, 
        "fit": "linear", 
        "value": -0.096757865410135591
    }, 
    "Ar39": {
        "error": 0.066769794001836913, 
        "fit": "parabolic", 
        "value": 0.13219901372193688
    }, 
    "Ar40": {
        "error": 0.13022909809381966, 
        "fit": "parabolic", 
        "value": 2.5147945358377193
    }, 
    "Ar41": {
        "error": 0.14620732605499334, 
        "fit": "average_SEM", 
        "value": -0.049908225131075595
    }
}