{
    "Ar36": {
        "error": 0.0013651579090721046, 
        "fit": "parabolic", 
        "value": 0.0092360697361842867
    }, 
    "Ar37": {
        "error": 0.14920764176231135, 
        "fit": "linear", 
        "value": -0.066905783215189182
    }, 
    "Ar38": {
        "error": 0.16688120263017236, 
        "fit": "linear", 
        "value": -0.077398122577259809
    }, 
    "Ar39": {
        "error": 0.067249167595157339, 
        "fit": "parabolic", 
        "value": 0.36152748534482626
    }, 
    "Ar40": {
        "error": 0.14835332997307898, 
        "fit": "parabolic", 
        "value": 2.6731416240097561
    }, 
    "Ar41": {
        "error": 0.17587543184224633, 
        "fit": "average_SEM", 
        "value": -0.13147289539105259
    }
}