{
    "Ar36": {
        "error": 0.0012468386006692634, 
        "fit": "parabolic", 
        "value": 0.0084875048658248665
    }, 
    "Ar37": {
        "error": 0.13149713615974881, 
        "fit": "linear", 
        "value": -0.022229009833548821
    }, 
    "Ar38": {
        "error": 0.23444284529130449, 
        "fit": "linear", 
        "value": -0.10206762042577808
    }, 
    "Ar39": {
        "error": 0.058002251685650916, 
        "fit": "parabolic", 
        "value": 0.021513187900705395
    }, 
    "Ar40": {
        "error": 0.13573924210069968, 
        "fit": "parabolic", 
        "value": 2.3417636276252067
    }, 
    "Ar41": {
        "error": 0.12603151976135696, 
        "fit": "average_SEM", 
        "value": -0.28344673167914153
    }
}