{
    "Ar36": {
        "error": 0.0015309010329034587, 
        "fit": "parabolic", 
        "value": 0.012861822717388151
    }, 
    "Ar37": {
        "error": 0.13664622048289093, 
        "fit": "linear", 
        "value": -0.0087702320942759874
    }, 
    "Ar38": {
        "error": 0.18570489074420107, 
        "fit": "linear", 
        "value": -0.13921693466545684
    }, 
    "Ar39": {
        "error": 0.061743974530522425, 
        "fit": "parabolic", 
        "value": 0.018687051755394611
    }, 
    "Ar40": {
        "error": 0.1316459295016848, 
        "fit": "parabolic", 
        "value": 3.6263072187183694
    }, 
    "Ar41": {
        "error": 0.12889584752044239, 
        "fit": "average_SEM", 
        "value": -0.29495285140583294
    }
}