{
    "Ar36": {
        "error": 0.0015070134436392408, 
        "fit": "parabolic", 
        "value": 0.0099519730470431587
    }, 
    "Ar37": {
        "error": 0.17045691359260073, 
        "fit": "linear", 
        "value": -0.055780098997231749
    }, 
    "Ar38": {
        "error": 0.1383096289021904, 
        "fit": "linear", 
        "value": -0.091514896320314065
    }, 
    "Ar39": {
        "error": 0.068438017364782999, 
        "fit": "parabolic", 
        "value": 0.35681797776793056
    }, 
    "Ar40": {
        "error": 0.14952096551184874, 
        "fit": "parabolic", 
        "value": 2.9386082314896607
    }, 
    "Ar41": {
        "error": 0.15687881309332402, 
        "fit": "average_SEM", 
        "value": -0.13092047059792095
    }
}