{
    "Ar36": {
        "error": 0.0035246052240475003, 
        "fit": "parabolic", 
        "value": 0.0093374924302000208
    }, 
    "Ar37": {
        "error": 0.15261798335847976, 
        "fit": "linear", 
        "value": -0.058907358948500438
    }, 
    "Ar38": {
        "error": 0.14010996359359632, 
        "fit": "linear", 
        "value": -0.082560317490299073
    }, 
    "Ar39": {
        "error": 0.066595462778568856, 
        "fit": "parabolic", 
        "value": 0.36085525090373644
    }, 
    "Ar40": {
        "error": 0.15092540351891665, 
        "fit": "parabolic", 
        "value": 2.8268604657489771
    }, 
    "Ar41": {
        "error": 0.1527536627983736, 
        "fit": "average_SEM", 
        "value": -0.11824452158238273
    }
}