{
    "Ar36": {
        "error": 0.0020759190069115771, 
        "fit": "parabolic", 
        "value": 0.024482793491304083
    }, 
    "Ar37": {
        "error": 0.15008689329719857, 
        "fit": "linear", 
        "value": -0.13569489805727988
    }, 
    "Ar38": {
        "error": 0.15149404649539602, 
        "fit": "linear", 
        "value": -0.10863400047174129
    }, 
    "Ar39": {
        "error": 0.09228737691297452, 
        "fit": "parabolic", 
        "value": 0.35429363649985302
    }, 
    "Ar40": {
        "error": 0.15819010383382462, 
        "fit": "parabolic", 
        "value": 7.29592519335747
    }, 
    "Ar41": {
        "error": 0.12732332548306161, 
        "fit": "average_SEM", 
        "value": -0.14671220216783695
    }
}