{
    "Ar36": {
        "error": 0.0014646275466281675, 
        "fit": "parabolic", 
        "value": 0.010650444811387183
    }, 
    "Ar37": {
        "error": 0.16038678385585153, 
        "fit": "linear", 
        "value": -0.050512341895199139
    }, 
    "Ar38": {
        "error": 0.12890704569588332, 
        "fit": "linear", 
        "value": -0.086602665107803678
    }, 
    "Ar39": {
        "error": 0.063793188858172742, 
        "fit": "parabolic", 
        "value": 0.34450973995549539
    }, 
    "Ar40": {
        "error": 0.15221785633325852, 
        "fit": "parabolic", 
        "value": 3.0965070045949981
    }, 
    "Ar41": {
        "error": 0.17467658821221804, 
        "fit": "average_SEM", 
        "value": -0.12307045022185775
    }
}