{
    "Ar36": {
        "error": 0.0013810385906070359, 
        "fit": "parabolic", 
        "value": 0.01016323328082917
    }, 
    "Ar37": {
        "error": 0.17303535724859259, 
        "fit": "linear", 
        "value": -0.11563746304168987
    }, 
    "Ar38": {
        "error": 0.16162230382943854, 
        "fit": "linear", 
        "value": -0.094224430524213601
    }, 
    "Ar39": {
        "error": 0.073397839566063022, 
        "fit": "parabolic", 
        "value": 0.36982341374406591
    }, 
    "Ar40": {
        "error": 0.15616704983712792, 
        "fit": "parabolic", 
        "value": 2.8986462503949664
    }, 
    "Ar41": {
        "error": 0.13744260722988108, 
        "fit": "average_SEM", 
        "value": -0.1431338349489488
    }
}