{
    "Ar36": {
        "error": 0.0014551104202888154, 
        "fit": "parabolic", 
        "value": 0.0099399377896826416
    }, 
    "Ar37": {
        "error": 0.15184090248352608, 
        "fit": "linear", 
        "value": -0.10162734899638906
    }, 
    "Ar38": {
        "error": 0.13744835514463977, 
        "fit": "linear", 
        "value": -0.10958836948876567
    }, 
    "Ar39": {
        "error": 0.062850990433014661, 
        "fit": "parabolic", 
        "value": 0.3528632173709797
    }, 
    "Ar40": {
        "error": 0.15924489474009657, 
        "fit": "parabolic", 
        "value": 3.088378656799176
    }, 
    "Ar41": {
        "error": 0.16021057066201375, 
        "fit": "average_SEM", 
        "value": -0.1455129618680803
    }
}