{
    "Ar36": {
        "error": 0.0013985035349164076, 
        "fit": "parabolic", 
        "value": 0.009757350262592902
    }, 
    "Ar37": {
        "error": 0.17373819050221276, 
        "fit": "linear", 
        "value": -0.095571890676943994
    }, 
    "Ar38": {
        "error": 0.14817921557350247, 
        "fit": "linear", 
        "value": -0.06764443313352933
    }, 
    "Ar39": {
        "error": 0.066317920034519182, 
        "fit": "parabolic", 
        "value": 0.36340151337287319
    }, 
    "Ar40": {
        "error": 0.15387487664605332, 
        "fit": "parabolic", 
        "value": 2.7181791741339514
    }, 
    "Ar41": {
        "error": 0.14857920415506062, 
        "fit": "average_SEM", 
        "value": -0.12812008841894568
    }
}