{
    "Ar36": {
        "error": 0.0013784238357036948, 
        "fit": "parabolic", 
        "value": 0.0079971388174789187
    }, 
    "Ar37": {
        "error": 0.13315730560386413, 
        "fit": "linear", 
        "value": -0.046984461597737046
    }, 
    "Ar38": {
        "error": 0.23421647669133622, 
        "fit": "linear", 
        "value": -0.046379393026937936
    }, 
    "Ar39": {
        "error": 0.059161779811590938, 
        "fit": "parabolic", 
        "value": 0.030910539730538308
    }, 
    "Ar40": {
        "error": 0.13497363615882435, 
        "fit": "parabolic", 
        "value": 2.3173943831573105
    }, 
    "Ar41": {
        "error": 0.12307648870741787, 
        "fit": "average_SEM", 
        "value": -0.28620348445634591
    }
}