{
    "Ar36": {
        "error": 0.0013657197906790592, 
        "fit": "parabolic", 
        "value": 0.0099528173084586641
    }, 
    "Ar37": {
        "error": 0.13082486658981043, 
        "fit": "linear", 
        "value": -0.06468118170755438
    }, 
    "Ar38": {
        "error": 0.13362338703261273, 
        "fit": "linear", 
        "value": -0.091650094612503646
    }, 
    "Ar39": {
        "error": 0.06400448325194695, 
        "fit": "parabolic", 
        "value": 0.35557549573998104
    }, 
    "Ar40": {
        "error": 0.14115184694559513, 
        "fit": "parabolic", 
        "value": 2.8224587905853831
    }, 
    "Ar41": {
        "error": 0.19129779350253964, 
        "fit": "average_SEM", 
        "value": -0.1333288376434939
    }
}