{
    "Ar36": {
        "error": 0.0015718847731524021, 
        "fit": "parabolic", 
        "value": 0.010073052039864423
    }, 
    "Ar37": {
        "error": 0.14576466620373868, 
        "fit": "linear", 
        "value": -0.090277417009596225
    }, 
    "Ar38": {
        "error": 0.14897521846281356, 
        "fit": "linear", 
        "value": -0.091942641226964411
    }, 
    "Ar39": {
        "error": 0.062680180414893955, 
        "fit": "parabolic", 
        "value": 0.32969914534737443
    }, 
    "Ar40": {
        "error": 0.14315425650980684, 
        "fit": "parabolic", 
        "value": 2.9911805132828739
    }, 
    "Ar41": {
        "error": 0.18199294044417694, 
        "fit": "average_SEM", 
        "value": -0.13795056281902363
    }
}