{
    "Ar36": {
        "error": 0.0014766365206712474, 
        "fit": "parabolic", 
        "value": 0.0108269526543514
    }, 
    "Ar37": {
        "error": 0.1396818396367025, 
        "fit": "linear", 
        "value": -0.028099312618509772
    }, 
    "Ar38": {
        "error": 0.22833934198876446, 
        "fit": "linear", 
        "value": -0.028187856311050176
    }, 
    "Ar39": {
        "error": 0.062160990538739608, 
        "fit": "parabolic", 
        "value": 0.0018070555635644235
    }, 
    "Ar40": {
        "error": 0.13623239429097761, 
        "fit": "parabolic", 
        "value": 3.0723950046417077
    }, 
    "Ar41": {
        "error": 0.12477330782136839, 
        "fit": "average_SEM", 
        "value": -0.2933884750190191
    }
}