{
    "CDD": {
        "error": 0.0, 
        "fit": "average_SEM", 
        "value": 0.0
    }, 
    "H1": {
        "error": 0.12587417147480057, 
        "fit": "average_SEM", 
        "value": 0.04947546053509642
    }, 
    "H2": {
        "error": 0.12564121263488845, 
        "fit": "average_SEM", 
        "value": 0.2500565575487498
    }, 
    "L1": {
        "error": 0.18910926199847103, 
        "fit": "average_SEM", 
        "value": -0.06559353759512306
    }, 
    "L2": {
        "error": 0.13318825896013098, 
        "fit": "average_SEM", 
        "value": -0.04688780016990172
    }
}